
2026-09-01 10:34:09,230 |INFO | app | Checking ML model file | path=ml/saved_model/iris_pipeline.pkl
2026-09-01 10:34:30,910 |INFO | app | Model.pkl is loaded Successfully
2026-09-01 10:34:30,910 |WARNING | app | accuracy.pkl not loaded
2026-09-01 10:34:41,525 |INFO | app | Model is shotdown
2026-09-01 10:34:50,915 |INFO | app | Checking ML model file | path=ml/saved_model/iris_pipeline.pkl
2026-09-01 10:34:53,548 |INFO | app | Model.pkl is loaded Successfully
2026-09-01 10:34:53,549 |WARNING | app | accuracy.pkl not loaded
2026-09-01 10:34:55,739 |INFO | app | Request Recived |request_id=8b4d2f4d-8107-4059-9d46-9529e836f841 |method=GET |path=/ 
2026-09-01 10:34:55,742 |INFO | app | Response Sent |request_id=8b4d2f4d-8107-4059-9d46-9529e836f841 |request_method=GET |path=/ |response_time=0.003952299943193793 
2026-09-01 10:35:02,704 |INFO | app | Request Recived |request_id=f9fd1bda-99ef-42dc-be29-71ca868c86e4 |method=GET |path=/docs 
2026-09-01 10:35:02,716 |INFO | app | Response Sent |request_id=f9fd1bda-99ef-42dc-be29-71ca868c86e4 |request_method=GET |path=/docs |response_time=0.012566299992613494 
2026-09-01 10:35:03,693 |INFO | app | Request Recived |request_id=300dcf9c-41dd-41ff-96c1-c3ea7f577c9e |method=GET |path=/openapi.json 
2026-09-01 10:35:03,866 |INFO | app | Response Sent |request_id=300dcf9c-41dd-41ff-96c1-c3ea7f577c9e |request_method=GET |path=/openapi.json |response_time=0.17243899998720735 
2026-09-01 10:35:17,972 |INFO | app | Model is shotdown
2026-09-01 10:35:21,192 |INFO | app | Checking ML model file | path=ml/saved_model/iris_pipeline.pkl
2026-09-01 10:35:24,050 |INFO | app | Model.pkl is loaded Successfully
2026-09-01 10:35:24,050 |WARNING | app | accuracy.pkl not loaded
2026-09-01 10:35:27,185 |INFO | app | Request Recived |request_id=43435c3d-4b25-43b8-856f-f834fdb1623c |method=GET |path=/docs 
2026-09-01 10:35:27,193 |INFO | app | Response Sent |request_id=43435c3d-4b25-43b8-856f-f834fdb1623c |request_method=GET |path=/docs |response_time=0.008613599929958582 
2026-09-01 10:35:27,336 |INFO | app | Request Recived |request_id=d0f79e83-e7d3-4ddc-a8ef-ce78291a241b |method=GET |path=/openapi.json 
2026-09-01 10:35:27,361 |INFO | app | Response Sent |request_id=d0f79e83-e7d3-4ddc-a8ef-ce78291a241b |request_method=GET |path=/openapi.json |response_time=0.02557550009805709 
2026-09-01 10:35:48,093 |INFO | app | Model is shotdown
2026-09-01 11:17:14,841 |INFO | app | Checking ML model file | path=ml/saved_model/iris_pipeline.pkl
2026-09-01 11:17:23,425 |INFO | app | Model.pkl is loaded Successfully
2026-09-01 11:17:27,061 |INFO | app | Checking ML model file | path=ml/saved_model/iris_pipeline.pkl
2026-09-01 11:17:29,582 |INFO | app | Model.pkl is loaded Successfully
2026-09-01 11:18:50,656 |INFO | app | Checking ML model file | path=ml/saved_model/iris_pipeline.pkl
2026-09-01 11:18:54,041 |INFO | app | Model.pkl is loaded Successfully
2026-09-01 11:24:03,793 |INFO | app | Checking ML model file | path=ml/saved_model/iris_pipeline.pkl
2026-09-01 11:24:06,445 |INFO | app | Model.pkl is loaded Successfully
2026-09-01 11:26:16,332 |INFO | app | Checking ML model file | path=ml/saved_model/iris_pipeline.pkl
2026-09-01 11:26:20,201 |INFO | app | Model.pkl is loaded Successfully
2026-09-01 11:26:30,515 |INFO | app | Checking ML model file | path=ml/saved_model/iris_pipeline.pkl
2026-09-01 11:26:32,866 |INFO | app | Model.pkl is loaded Successfully
2026-09-01 11:26:35,652 |INFO | app | Checking ML model file | path=ml/saved_model/iris_pipeline.pkl
2026-09-01 11:26:37,841 |INFO | app | Model.pkl is loaded Successfully
2026-09-01 11:26:58,054 |INFO | app | Checking ML model file | path=ml/saved_model/iris_pipeline.pkl
2026-09-01 11:27:00,384 |INFO | app | Model.pkl is loaded Successfully
2026-09-01 11:27:23,408 |INFO | app | Checking ML model file | path=ml/saved_model/iris_pipeline.pkl
2026-09-01 11:27:26,071 |INFO | app | Model.pkl is loaded Successfully
2026-09-01 11:27:26,075 |INFO | app | accuracy.pkl is loaded Successfully
2026-09-01 11:27:29,195 |INFO | app | Model is shotdown
2026-09-01 11:27:32,859 |INFO | app | Checking ML model file | path=ml/saved_model/iris_pipeline.pkl
2026-09-01 11:27:35,111 |INFO | app | Model.pkl is loaded Successfully
2026-09-01 11:27:35,111 |INFO | app | accuracy.pkl is loaded Successfully
2026-09-01 11:27:35,214 |INFO | app | Model is shotdown
2026-09-01 11:27:37,943 |INFO | app | Checking ML model file | path=ml/saved_model/iris_pipeline.pkl
2026-09-01 11:27:40,243 |INFO | app | Model.pkl is loaded Successfully
2026-09-01 11:27:40,259 |INFO | app | accuracy.pkl is loaded Successfully
2026-09-01 11:27:45,470 |INFO | app | Request Recived |request_id=dee5af3f-a64e-40e4-9e45-de8d9dd9ed1f |method=POST |path=/api/v1/predict 
2026-09-01 11:27:45,776 |ERROR | app | Prediction erro |request_id=dee5af3f-a64e-40e4-9e45-de8d9dd9ed1ferror=getattr expected at least 2 arguments, got 1
Traceback (most recent call last):
  File "D:\intewrn\ML-Model-Deployment-as-a-Monitored-REST-API\app\routes\v1.py", line 39, in predict
    accuracy=getattr(request.app.state.accuracy)
             ^^^^^^^^^^^^^^^^^^^^^^^^^^^^^^^^^^^
TypeError: getattr expected at least 2 arguments, got 1
2026-09-01 11:28:29,464 |INFO | app | Model is shotdown
2026-09-01 11:28:32,347 |INFO | app | Checking ML model file | path=ml/saved_model/iris_pipeline.pkl
2026-09-01 11:28:34,812 |INFO | app | Model.pkl is loaded Successfully
2026-09-01 11:28:34,813 |INFO | app | accuracy.pkl is loaded Successfully
2026-09-01 11:28:43,856 |INFO | app | Model is shotdown
2026-09-01 11:28:52,401 |INFO | app | Checking ML model file | path=ml/saved_model/iris_pipeline.pkl
2026-09-01 11:28:54,844 |INFO | app | Model.pkl is loaded Successfully
2026-09-01 11:28:54,844 |INFO | app | accuracy.pkl is loaded Successfully
2026-09-01 11:28:56,683 |INFO | app | Request Recived |request_id=633579e6-0bbe-4892-9c22-abdd33cca9d0 |method=POST |path=/api/v1/predict 
2026-09-01 11:28:56,766 |ERROR | app | Prediction erro |request_id=633579e6-0bbe-4892-9c22-abdd33cca9d0error=getattr expected at least 2 arguments, got 1
Traceback (most recent call last):
  File "D:\intewrn\ML-Model-Deployment-as-a-Monitored-REST-API\app\routes\v1.py", line 39, in predict
    accuracy=getattr(request.app.state.accuracy)
             ^^^^^^^^^^^^^^^^^^^^^^^^^^^^^^^^^^^
TypeError: getattr expected at least 2 arguments, got 1
2026-09-01 11:29:03,639 |INFO | app | Model is shotdown
2026-09-01 11:29:06,757 |INFO | app | Checking ML model file | path=ml/saved_model/iris_pipeline.pkl
2026-09-01 11:29:09,221 |INFO | app | Model.pkl is loaded Successfully
2026-09-01 11:29:09,222 |INFO | app | accuracy.pkl is loaded Successfully
2026-09-01 11:29:09,231 |INFO | app | Request Recived |request_id=936ab2bd-8797-4843-84d0-908f1c5a5bbc |method=POST |path=/api/v1/predict 
2026-09-01 11:29:09,288 |ERROR | app | Prediction erro |request_id=936ab2bd-8797-4843-84d0-908f1c5a5bbcerror=getattr expected at least 2 arguments, got 1
Traceback (most recent call last):
  File "D:\intewrn\ML-Model-Deployment-as-a-Monitored-REST-API\app\routes\v1.py", line 39, in predict
    accuracy=getattr(request.app.state.accuracy)
             ^^^^^^^^^^^^^^^^^^^^^^^^^^^^^^^^^^^
TypeError: getattr expected at least 2 arguments, got 1
2026-09-01 11:31:10,664 |INFO | app | Model is shotdown
2026-09-01 11:31:13,925 |INFO | app | Checking ML model file | path=ml/saved_model/iris_pipeline.pkl
2026-09-01 11:31:16,796 |INFO | app | Model.pkl is loaded Successfully
2026-09-01 11:31:16,802 |INFO | app | accuracy.pkl is loaded Successfully
2026-09-01 11:31:16,903 |INFO | app | Model is shotdown
2026-09-01 11:31:21,315 |INFO | app | Checking ML model file | path=ml/saved_model/iris_pipeline.pkl
2026-09-01 11:31:23,667 |INFO | app | Model.pkl is loaded Successfully
2026-09-01 11:31:23,669 |INFO | app | accuracy.pkl is loaded Successfully
2026-09-01 11:31:25,679 |INFO | app | Request Recived |request_id=bf146f2f-3ed6-476a-a71e-eb03cf52108d |method=POST |path=/api/v1/predict 
2026-09-01 11:31:25,750 |ERROR | app | Prediction erro |request_id=bf146f2f-3ed6-476a-a71e-eb03cf52108derror=getattr expected at least 2 arguments, got 1
Traceback (most recent call last):
  File "D:\intewrn\ML-Model-Deployment-as-a-Monitored-REST-API\app\routes\v1.py", line 39, in predict
    accuracy=getattr(request.app.state.accuracy)
             ^^^^^^^^^^^^^^^^^^^^^^^^^^^^^^^^^^^
TypeError: getattr expected at least 2 arguments, got 1
2026-09-01 11:32:20,458 |INFO | app | Model is shotdown
2026-09-01 11:32:29,912 |INFO | app | Checking ML model file | path=ml/saved_model/iris_pipeline.pkl
2026-09-01 11:32:32,496 |INFO | app | Model.pkl is loaded Successfully
2026-09-01 11:32:32,504 |INFO | app | accuracy.pkl is loaded Successfully
2026-09-01 11:32:36,235 |INFO | app | Model is shotdown
2026-09-01 11:32:39,902 |INFO | app | Checking ML model file | path=ml/saved_model/iris_pipeline.pkl
2026-09-01 11:32:42,237 |INFO | app | Model.pkl is loaded Successfully
2026-09-01 11:32:42,237 |INFO | app | accuracy.pkl is loaded Successfully
2026-09-01 11:32:42,349 |INFO | app | Model is shotdown
2026-09-01 11:32:45,235 |INFO | app | Checking ML model file | path=ml/saved_model/iris_pipeline.pkl
2026-09-01 11:32:47,581 |INFO | app | Model.pkl is loaded Successfully
2026-09-01 11:32:47,582 |INFO | app | accuracy.pkl is loaded Successfully
2026-09-01 11:32:59,408 |INFO | app | Request Recived |request_id=8d2dafa7-3c29-4d6a-b00e-2d0f6ccb7828 |method=POST |path=/api/v1/predict 
2026-09-01 11:32:59,613 |INFO | app | Response Sent |request_id=8d2dafa7-3c29-4d6a-b00e-2d0f6ccb7828 |request_method=POST |path=/api/v1/predict |response_time=0.20599109993781894 
2026-09-01 11:33:08,210 |INFO | app | Request Recived |request_id=947c8a63-f56a-4f9e-a18d-28fd9e245e0d |method=GET |path=/api/v1/health 
2026-09-01 11:33:08,213 |INFO | app | Response Sent |request_id=947c8a63-f56a-4f9e-a18d-28fd9e245e0d |request_method=GET |path=/api/v1/health |response_time=0.0027895999373868108 
2026-09-01 11:34:22,614 |INFO | app | Request Recived |request_id=cd506dcf-ebae-4945-a06f-47d04e49de9a |method=GET |path=/api/v1/health 
2026-09-01 11:34:22,615 |INFO | app | Response Sent |request_id=cd506dcf-ebae-4945-a06f-47d04e49de9a |request_method=GET |path=/api/v1/health |response_time=0.002027899958193302 
2026-09-01 11:40:18,728 |INFO | app | Model is shotdown
2026-09-01 11:41:53,224 |INFO | app | Checking ML model file | path=ml/saved_model/iris_pipeline.pkl
2026-09-01 11:41:56,130 |INFO | app | Model.pkl is loaded Successfully
2026-09-01 11:41:56,130 |INFO | app | accuracy.pkl is loaded Successfully
2026-09-01 11:50:30,655 |INFO | app | Model is shotdown
2026-09-01 11:50:52,020 |INFO | app | Checking ML model file | path=ml/saved_model/iris_pipeline.pkl
2026-09-01 11:50:54,930 |INFO | app | Model.pkl is loaded Successfully
2026-09-01 11:50:54,931 |INFO | app | accuracy.pkl is loaded Successfully
2026-09-01 11:50:55,034 |INFO | app | Model is shotdown
2026-09-01 11:50:58,828 |INFO | app | Checking ML model file | path=ml/saved_model/iris_pipeline.pkl
2026-09-01 11:51:01,352 |INFO | app | Model.pkl is loaded Successfully
2026-09-01 11:51:01,353 |INFO | app | accuracy.pkl is loaded Successfully
2026-09-01 11:51:01,471 |INFO | app | Model is shotdown
2026-09-01 11:51:05,485 |INFO | app | Checking ML model file | path=ml/saved_model/iris_pipeline.pkl
2026-09-01 11:51:07,632 |INFO | app | Model.pkl is loaded Successfully
2026-09-01 11:51:07,632 |INFO | app | accuracy.pkl is loaded Successfully
2026-09-01 11:51:07,742 |INFO | app | Model is shotdown
2026-09-01 11:51:10,555 |INFO | app | Checking ML model file | path=ml/saved_model/iris_pipeline.pkl
2026-09-01 11:51:15,283 |INFO | app | Model.pkl is loaded Successfully
2026-09-01 11:51:15,321 |INFO | app | accuracy.pkl is loaded Successfully
2026-09-01 11:51:15,491 |INFO | app | Model is shotdown
2026-09-01 11:51:25,036 |INFO | app | Checking ML model file | path=ml/saved_model/iris_pipeline.pkl
2026-09-01 11:51:27,669 |INFO | app | Model.pkl is loaded Successfully
2026-09-01 11:51:27,670 |INFO | app | accuracy.pkl is loaded Successfully
2026-09-01 11:53:14,076 |INFO | app | Model is shotdown
2026-09-01 12:11:38,516 |INFO | app | Checking ML model file | path=ml/saved_model/iris_pipeline.pkl
2026-09-01 12:11:48,059 |INFO | app | Model.pkl is loaded Successfully
2026-09-01 12:11:48,062 |INFO | app | accuracy.pkl is loaded Successfully
2026-09-01 12:11:52,516 |INFO | app | Request Recived |request_id=3be6523c-34bd-4a0f-bcd8-c6a91f5ce812 |method=GET |path=/docs 
2026-09-01 12:11:52,522 |INFO | app | Response Sent |request_id=3be6523c-34bd-4a0f-bcd8-c6a91f5ce812 |request_method=GET |path=/docs |response_time=0.007402900024317205 
2026-09-01 12:11:52,797 |INFO | app | Request Recived |request_id=b7f45627-660e-44a8-98ef-c184587f63a8 |method=GET |path=/openapi.json 
2026-09-01 12:11:52,869 |INFO | app | Response Sent |request_id=b7f45627-660e-44a8-98ef-c184587f63a8 |request_method=GET |path=/openapi.json |response_time=0.06975299993064255 
2026-09-01 12:12:37,501 |INFO | app | Request Recived |request_id=e226fd03-cd03-4411-a78a-14cef69197e2 |method=GET |path=/api/v1/model-info 
2026-09-01 12:12:37,513 |INFO | app | Response Sent |request_id=e226fd03-cd03-4411-a78a-14cef69197e2 |request_method=GET |path=/api/v1/model-info |response_time=0.012572000036016107 
2026-09-01 12:13:12,517 |INFO | app | Model is shotdown
2026-09-01 12:13:17,284 |INFO | app | Checking ML model file | path=ml/saved_model/iris_pipeline.pkl
2026-09-01 12:13:19,819 |INFO | app | Model.pkl is loaded Successfully
2026-09-01 12:13:19,819 |INFO | app | accuracy.pkl is loaded Successfully
2026-09-01 12:13:22,398 |INFO | app | Request Recived |request_id=1a94d8c2-b403-4a01-b1ea-0b78277b2825 |method=GET |path=/api/v1/model-info 
2026-09-01 12:13:22,411 |INFO | app | Response Sent |request_id=1a94d8c2-b403-4a01-b1ea-0b78277b2825 |request_method=GET |path=/api/v1/model-info |response_time=0.010593999992124736 
2026-09-01 12:13:24,120 |INFO | app | Request Recived |request_id=4ab18962-17d0-4325-9140-d59faf0e5b3d |method=GET |path=/api/v1/model-info 
2026-09-01 12:13:24,120 |INFO | app | Response Sent |request_id=4ab18962-17d0-4325-9140-d59faf0e5b3d |request_method=GET |path=/api/v1/model-info |response_time=0.0030522000743076205 
2026-09-01 12:13:33,483 |INFO | app | Model is shotdown
2026-09-01 12:13:37,020 |INFO | app | Checking ML model file | path=ml/saved_model/iris_pipeline.pkl
2026-09-01 12:13:39,328 |INFO | app | Model.pkl is loaded Successfully
2026-09-01 12:13:39,328 |INFO | app | accuracy.pkl is loaded Successfully
2026-09-01 12:13:39,440 |INFO | app | Model is shotdown
2026-09-01 12:13:42,278 |INFO | app | Checking ML model file | path=ml/saved_model/iris_pipeline.pkl
2026-09-01 12:13:44,706 |INFO | app | Model.pkl is loaded Successfully
2026-09-01 12:13:44,706 |INFO | app | accuracy.pkl is loaded Successfully
2026-09-01 12:13:53,564 |INFO | app | Request Recived |request_id=ff502516-5d90-47ef-a7ab-bf744864babb |method=GET |path=/api/v1/model-info 
2026-09-01 12:13:53,578 |INFO | app | Response Sent |request_id=ff502516-5d90-47ef-a7ab-bf744864babb |request_method=GET |path=/api/v1/model-info |response_time=0.014163299929350615 
2026-09-01 12:14:11,933 |INFO | app | Model is shotdown
2026-09-01 12:14:14,614 |INFO | app | Checking ML model file | path=ml/saved_model/iris_pipeline.pkl
2026-09-01 12:14:17,137 |INFO | app | Model.pkl is loaded Successfully
2026-09-01 12:14:17,137 |INFO | app | accuracy.pkl is loaded Successfully
2026-09-01 12:14:17,145 |INFO | app | Request Recived |request_id=0c0efcf3-e391-40c6-b68c-7e744deff710 |method=GET |path=/api/v1/model-info 
2026-09-01 12:14:17,161 |INFO | app | Response Sent |request_id=0c0efcf3-e391-40c6-b68c-7e744deff710 |request_method=GET |path=/api/v1/model-info |response_time=0.014302700059488416 
2026-09-01 12:14:19,180 |INFO | app | Request Recived |request_id=b6f6e47a-4b64-4a9d-a33e-a91834182077 |method=GET |path=/api/v1/model-info 
2026-09-01 12:14:19,182 |INFO | app | Response Sent |request_id=b6f6e47a-4b64-4a9d-a33e-a91834182077 |request_method=GET |path=/api/v1/model-info |response_time=0.0019342999439686537 
2026-09-01 12:14:37,702 |INFO | app | Model is shotdown
2026-09-01 12:17:26,960 |INFO | app | Checking ML model file | path=ml/saved_model/iris_pipeline.pkl
2026-09-01 12:17:29,206 |INFO | app | Model.pkl is loaded Successfully
2026-09-01 12:17:29,206 |INFO | app | accuracy.pkl is loaded Successfully
2026-09-01 12:17:29,309 |INFO | app | Model is shotdown
2026-09-01 12:17:31,832 |INFO | app | Checking ML model file | path=ml/saved_model/iris_pipeline.pkl
2026-09-01 12:17:34,222 |INFO | app | Model.pkl is loaded Successfully
2026-09-01 12:17:34,222 |INFO | app | accuracy.pkl is loaded Successfully
2026-09-01 12:18:48,325 |INFO | app | Request Recived |request_id=ec3e4019-b306-46ec-b08d-e2b3d576626a |method=GET |path=/api/v1/model-info 
2026-09-01 12:18:48,334 |INFO | app | Response Sent |request_id=ec3e4019-b306-46ec-b08d-e2b3d576626a |request_method=GET |path=/api/v1/model-info |response_time=0.011496699997223914 
2026-09-01 12:18:55,423 |INFO | app | Model is shotdown
2026-09-01 12:18:58,159 |INFO | app | Checking ML model file | path=ml/saved_model/iris_pipeline.pkl
2026-09-01 12:19:00,613 |INFO | app | Model.pkl is loaded Successfully
2026-09-01 12:19:00,613 |INFO | app | accuracy.pkl is loaded Successfully
2026-09-01 12:19:00,630 |INFO | app | Request Recived |request_id=db2528f9-e2a5-4813-bd6d-fc95aa6939e0 |method=GET |path=/api/v1/model-info 
2026-09-01 12:19:00,719 |INFO | app | Response Sent |request_id=db2528f9-e2a5-4813-bd6d-fc95aa6939e0 |request_method=GET |path=/api/v1/model-info |response_time=0.08849029999691993 
2026-09-01 12:19:31,607 |INFO | app | Model is shotdown
2026-09-01 12:19:34,668 |INFO | app | Checking ML model file | path=ml/saved_model/iris_pipeline.pkl
2026-09-01 12:19:37,749 |INFO | app | Model.pkl is loaded Successfully
2026-09-01 12:19:37,749 |INFO | app | accuracy.pkl is loaded Successfully
2026-09-01 12:19:37,854 |INFO | app | Model is shotdown
2026-09-01 12:19:40,336 |INFO | app | Checking ML model file | path=ml/saved_model/iris_pipeline.pkl
2026-09-01 12:19:42,634 |INFO | app | Model.pkl is loaded Successfully
2026-09-01 12:19:42,634 |INFO | app | accuracy.pkl is loaded Successfully
2026-09-01 12:19:42,737 |INFO | app | Model is shotdown
2026-09-01 12:20:24,630 |INFO | app | Checking ML model file | path=ml/saved_model/iris_pipeline.pkl
2026-09-01 12:20:28,216 |INFO | app | Model.pkl is loaded Successfully
2026-09-01 12:20:28,218 |INFO | app | accuracy.pkl is loaded Successfully
2026-09-01 12:20:29,188 |INFO | app | Model is shotdown
2026-09-01 12:20:37,311 |INFO | app | Checking ML model file | path=ml/saved_model/iris_pipeline.pkl
2026-09-01 12:20:40,845 |INFO | app | Model.pkl is loaded Successfully
2026-09-01 12:20:40,845 |INFO | app | accuracy.pkl is loaded Successfully
2026-09-01 12:20:41,259 |INFO | app | Model is shotdown
2026-09-01 12:20:44,582 |INFO | app | Checking ML model file | path=ml/saved_model/iris_pipeline.pkl
2026-09-01 12:20:46,997 |INFO | app | Model.pkl is loaded Successfully
2026-09-01 12:20:46,998 |INFO | app | accuracy.pkl is loaded Successfully
2026-09-01 12:20:52,567 |INFO | app | Model is shotdown
2026-09-01 12:21:52,082 |INFO | app | Checking ML model file | path=ml/saved_model/iris_pipeline.pkl
2026-09-01 12:21:54,995 |INFO | app | Model.pkl is loaded Successfully
2026-09-01 12:21:54,995 |INFO | app | accuracy.pkl is loaded Successfully
2026-09-01 12:22:05,381 |INFO | app | Model is shotdown
2026-09-01 12:22:09,784 |INFO | app | Checking ML model file | path=ml/saved_model/iris_pipeline.pkl
2026-09-01 12:22:12,841 |INFO | app | Model.pkl is loaded Successfully
2026-09-01 12:22:12,842 |INFO | app | accuracy.pkl is loaded Successfully
2026-09-01 12:22:12,947 |INFO | app | Model is shotdown
2026-09-01 12:22:15,759 |INFO | app | Checking ML model file | path=ml/saved_model/iris_pipeline.pkl
2026-09-01 12:22:18,237 |INFO | app | Model.pkl is loaded Successfully
2026-09-01 12:22:18,237 |INFO | app | accuracy.pkl is loaded Successfully
2026-09-01 12:22:34,714 |INFO | app | Model is shotdown
2026-09-01 12:22:37,405 |INFO | app | Checking ML model file | path=ml/saved_model/iris_pipeline.pkl
2026-09-01 12:22:39,407 |INFO | app | Model.pkl is loaded Successfully
2026-09-01 12:22:39,408 |INFO | app | accuracy.pkl is loaded Successfully
2026-09-01 12:22:45,187 |INFO | app | Model is shotdown
2026-09-01 12:22:47,701 |INFO | app | Checking ML model file | path=ml/saved_model/iris_pipeline.pkl
2026-09-01 12:22:49,967 |INFO | app | Model.pkl is loaded Successfully
2026-09-01 12:22:49,968 |INFO | app | accuracy.pkl is loaded Successfully
2026-09-01 12:22:55,698 |INFO | app | Request Recived |request_id=4d4ae9c2-1a10-4094-8e9a-b569762ad04b |method=GET |path=/api/v1/model-info 
2026-09-01 12:23:11,310 |INFO | app | Model is shotdown
2026-09-01 12:23:14,590 |INFO | app | Checking ML model file | path=ml/saved_model/iris_pipeline.pkl
2026-09-01 12:23:17,388 |INFO | app | Model.pkl is loaded Successfully
2026-09-01 12:23:17,389 |INFO | app | accuracy.pkl is loaded Successfully
2026-09-01 12:23:17,490 |INFO | app | Model is shotdown
2026-09-01 12:23:23,175 |INFO | app | Checking ML model file | path=ml/saved_model/iris_pipeline.pkl
2026-09-01 12:23:25,541 |INFO | app | Model.pkl is loaded Successfully
2026-09-01 12:23:25,541 |INFO | app | accuracy.pkl is loaded Successfully
2026-09-01 12:23:25,643 |INFO | app | Model is shotdown
2026-09-01 12:23:29,631 |INFO | app | Checking ML model file | path=ml/saved_model/iris_pipeline.pkl
2026-09-01 12:23:32,551 |INFO | app | Model.pkl is loaded Successfully
2026-09-01 12:23:32,551 |INFO | app | accuracy.pkl is loaded Successfully
2026-09-01 12:23:32,656 |INFO | app | Model is shotdown
2026-09-01 12:23:39,176 |INFO | app | Checking ML model file | path=ml/saved_model/iris_pipeline.pkl
2026-09-01 12:23:42,266 |INFO | app | Model.pkl is loaded Successfully
2026-09-01 12:23:42,266 |INFO | app | accuracy.pkl is loaded Successfully
2026-09-01 12:23:42,373 |INFO | app | Model is shotdown
2026-09-01 12:23:45,821 |INFO | app | Checking ML model file | path=ml/saved_model/iris_pipeline.pkl
2026-09-01 12:23:49,155 |INFO | app | Model.pkl is loaded Successfully
2026-09-01 12:23:49,156 |INFO | app | accuracy.pkl is loaded Successfully
2026-09-01 12:23:49,272 |INFO | app | Model is shotdown
2026-09-01 12:23:53,095 |INFO | app | Checking ML model file | path=ml/saved_model/iris_pipeline.pkl
2026-09-01 12:23:55,618 |INFO | app | Model.pkl is loaded Successfully
2026-09-01 12:23:55,620 |INFO | app | accuracy.pkl is loaded Successfully
2026-09-01 12:23:55,723 |INFO | app | Model is shotdown
2026-09-01 12:23:59,270 |INFO | app | Checking ML model file | path=ml/saved_model/iris_pipeline.pkl
2026-09-01 12:24:03,123 |INFO | app | Model.pkl is loaded Successfully
2026-09-01 12:24:03,129 |INFO | app | accuracy.pkl is loaded Successfully
2026-09-01 12:24:03,258 |INFO | app | Model is shotdown
2026-09-01 12:24:07,309 |INFO | app | Checking ML model file | path=ml/saved_model/iris_pipeline.pkl
2026-09-01 12:24:09,852 |INFO | app | Model.pkl is loaded Successfully
2026-09-01 12:24:09,853 |INFO | app | accuracy.pkl is loaded Successfully
2026-09-01 12:24:09,956 |INFO | app | Model is shotdown
2026-09-01 12:24:52,720 |INFO | app | Checking ML model file | path=ml/saved_model/iris_pipeline.pkl
2026-09-01 12:24:55,808 |INFO | app | Model.pkl is loaded Successfully
2026-09-01 12:24:55,808 |INFO | app | accuracy.pkl is loaded Successfully
2026-09-01 12:24:55,913 |INFO | app | Model is shotdown
2026-09-01 12:24:58,881 |INFO | app | Checking ML model file | path=ml/saved_model/iris_pipeline.pkl
2026-09-01 12:25:01,325 |INFO | app | Model.pkl is loaded Successfully
2026-09-01 12:25:01,326 |INFO | app | accuracy.pkl is loaded Successfully
2026-09-01 12:26:29,176 |INFO | app | Request Recived |request_id=70e3d382-4bc9-4233-aec0-5f4ab7031744 |method=GET |path=/api/v1/model-info 
2026-09-01 12:37:19,423 |INFO | app | Model is shotdown
2026-09-01 12:50:42,870 |INFO | app | Checking ML model file | path=ml/saved_model/iris_pipeline.pkl
2026-09-01 12:50:51,630 |INFO | app | Model.pkl is loaded Successfully
2026-09-01 12:50:51,630 |INFO | app | accuracy.pkl is loaded Successfully
2026-09-01 12:51:03,275 |INFO | app | Request Recived |request_id=56340bed-8c39-4f46-9151-45a413665010 |method=GET |path=/api/v1/model-info 
2026-09-01 12:51:51,760 |INFO | app | Model is shotdown
2026-09-01 12:51:54,726 |INFO | app | Checking ML model file | path=ml/saved_model/iris_pipeline.pkl
2026-09-01 12:51:58,877 |INFO | app | Model.pkl is loaded Successfully
2026-09-01 12:51:58,919 |INFO | app | accuracy.pkl is loaded Successfully
2026-09-01 12:51:59,136 |INFO | app | Model is shotdown
2026-09-01 12:52:02,527 |INFO | app | Checking ML model file | path=ml/saved_model/iris_pipeline.pkl
2026-09-01 12:52:07,278 |INFO | app | Model.pkl is loaded Successfully
2026-09-01 12:52:07,280 |INFO | app | accuracy.pkl is loaded Successfully
2026-09-01 12:52:07,399 |INFO | app | Model is shotdown
2026-09-01 12:52:10,627 |INFO | app | Checking ML model file | path=ml/saved_model/iris_pipeline.pkl
2026-09-01 12:52:13,648 |INFO | app | Model.pkl is loaded Successfully
2026-09-01 12:52:13,649 |INFO | app | accuracy.pkl is loaded Successfully
2026-09-01 12:52:14,762 |INFO | app | Request Recived |request_id=6a129e35-941f-44b0-8155-11a687a3f760 |method=GET |path=/api/v1/model-info 
2026-09-01 12:52:32,415 |INFO | app | Model is shotdown
2026-09-01 12:52:36,890 |INFO | app | Checking ML model file | path=ml/saved_model/iris_pipeline.pkl
2026-09-01 12:52:40,594 |INFO | app | Model.pkl is loaded Successfully
2026-09-01 12:52:40,598 |INFO | app | accuracy.pkl is loaded Successfully
2026-09-01 12:52:41,247 |INFO | app | Model is shotdown
2026-09-01 12:52:46,352 |INFO | app | Checking ML model file | path=ml/saved_model/iris_pipeline.pkl
2026-09-01 12:52:48,727 |INFO | app | Model.pkl is loaded Successfully
2026-09-01 12:52:48,727 |INFO | app | accuracy.pkl is loaded Successfully
2026-09-01 12:53:08,637 |INFO | app | Request Recived |request_id=cb9a1381-f718-49d4-b57c-6c843e276598 |method=GET |path=/api/v1/model-info 
2026-09-01 12:53:32,699 |INFO | app | Model is shotdown
2026-09-01 12:53:35,703 |INFO | app | Checking ML model file | path=ml/saved_model/iris_pipeline.pkl
2026-09-01 12:53:37,766 |INFO | app | Model.pkl is loaded Successfully
2026-09-01 12:53:37,766 |INFO | app | accuracy.pkl is loaded Successfully
2026-09-01 12:53:42,808 |INFO | app | Request Recived |request_id=b12a1944-dbcb-453b-8966-b4c77e0f87a8 |method=GET |path=/api/v1/model-info 
2026-09-01 12:54:34,277 |INFO | app | Model is shotdown
2026-09-01 12:54:38,034 |INFO | app | Checking ML model file | path=ml/saved_model/iris_pipeline.pkl
2026-09-01 12:54:40,445 |INFO | app | Model.pkl is loaded Successfully
2026-09-01 12:54:40,445 |INFO | app | accuracy.pkl is loaded Successfully
2026-09-01 12:54:40,557 |INFO | app | Model is shotdown
2026-09-01 12:54:43,191 |INFO | app | Checking ML model file | path=ml/saved_model/iris_pipeline.pkl
2026-09-01 12:54:45,475 |INFO | app | Model.pkl is loaded Successfully
2026-09-01 12:54:45,475 |INFO | app | accuracy.pkl is loaded Successfully
2026-09-01 12:54:48,237 |INFO | app | Request Recived |request_id=66065c92-81e8-4681-a13b-9ed86b9ec1ae |method=GET |path=/api/v1/model-info 
2026-09-01 12:55:25,926 |INFO | app | Model is shotdown
2026-09-01 12:55:28,956 |INFO | app | Checking ML model file | path=ml/saved_model/iris_pipeline.pkl
2026-09-01 12:55:31,149 |INFO | app | Model.pkl is loaded Successfully
2026-09-01 12:55:31,150 |INFO | app | accuracy.pkl is loaded Successfully
2026-09-01 12:55:55,830 |INFO | app | Request Recived |request_id=8be84787-f64e-4b74-a183-4037c4133c69 |method=GET |path=/api/v1/model-info 
2026-09-01 12:56:43,701 |INFO | app | Model is shotdown
2026-09-01 12:56:46,762 |INFO | app | Checking ML model file | path=ml/saved_model/iris_pipeline.pkl
2026-09-01 12:56:49,444 |INFO | app | Model.pkl is loaded Successfully
2026-09-01 12:56:49,445 |INFO | app | accuracy.pkl is loaded Successfully
2026-09-01 12:56:49,556 |INFO | app | Model is shotdown
2026-09-01 12:56:52,956 |INFO | app | Checking ML model file | path=ml/saved_model/iris_pipeline.pkl
2026-09-01 12:56:55,101 |INFO | app | Model.pkl is loaded Successfully
2026-09-01 12:56:55,101 |INFO | app | accuracy.pkl is loaded Successfully
2026-09-01 12:57:04,194 |INFO | app | Request Recived |request_id=0383302e-2ddc-4037-9111-c2e3047e9f23 |method=GET |path=/api/v1/model-info 
2026-09-01 12:58:24,150 |INFO | app | Model is shotdown
2026-09-01 12:58:27,482 |INFO | app | Checking ML model file | path=ml/saved_model/iris_pipeline.pkl
2026-09-01 12:58:31,145 |INFO | app | Model.pkl is loaded Successfully
2026-09-01 12:58:31,145 |INFO | app | accuracy.pkl is loaded Successfully
2026-09-01 12:58:31,264 |INFO | app | Model is shotdown
2026-09-01 12:58:35,692 |INFO | app | Checking ML model file | path=ml/saved_model/iris_pipeline.pkl
2026-09-01 12:58:37,775 |INFO | app | Model.pkl is loaded Successfully
2026-09-01 12:58:37,775 |INFO | app | accuracy.pkl is loaded Successfully
2026-09-01 12:58:37,899 |INFO | app | Model is shotdown
2026-09-01 12:58:40,999 |INFO | app | Checking ML model file | path=ml/saved_model/iris_pipeline.pkl
2026-09-01 12:58:43,541 |INFO | app | Model.pkl is loaded Successfully
2026-09-01 12:58:43,542 |INFO | app | accuracy.pkl is loaded Successfully
2026-09-01 12:58:46,650 |INFO | app | Request Recived |request_id=52942ea3-e751-411e-9684-b0b69db28eb3 |method=GET |path=/api/v1/model-info 
2026-09-01 12:58:56,763 |INFO | app | Model is shotdown
2026-09-01 12:59:07,306 |INFO | app | Checking ML model file | path=ml/saved_model/iris_pipeline.pkl
2026-09-01 12:59:09,727 |INFO | app | Model.pkl is loaded Successfully
2026-09-01 12:59:09,727 |INFO | app | accuracy.pkl is loaded Successfully
2026-09-01 12:59:14,450 |INFO | app | Request Recived |request_id=f150e7c0-8f3f-49c3-ac8b-332ebebb02ce |method=GET |path=/api/v1/model-info 
2026-09-01 12:59:50,201 |INFO | app | Model is shotdown
2026-09-01 12:59:53,485 |INFO | app | Checking ML model file | path=ml/saved_model/iris_pipeline.pkl
2026-09-01 12:59:56,265 |INFO | app | Model.pkl is loaded Successfully
2026-09-01 12:59:56,283 |INFO | app | accuracy.pkl is loaded Successfully
2026-09-01 12:59:58,038 |INFO | app | Model is shotdown
2026-09-01 13:00:03,602 |INFO | app | Checking ML model file | path=ml/saved_model/iris_pipeline.pkl
2026-09-01 13:00:09,570 |INFO | app | Model.pkl is loaded Successfully
2026-09-01 13:00:09,572 |INFO | app | accuracy.pkl is loaded Successfully
2026-09-01 13:00:09,675 |INFO | app | Model is shotdown
2026-09-01 13:00:12,760 |INFO | app | Checking ML model file | path=ml/saved_model/iris_pipeline.pkl
2026-09-01 13:00:15,370 |INFO | app | Model.pkl is loaded Successfully
2026-09-01 13:00:15,370 |INFO | app | accuracy.pkl is loaded Successfully
2026-09-01 13:00:23,817 |INFO | app | Request Recived |request_id=f6365816-50c7-4c7b-a60f-d55ccf406c93 |method=GET |path=/api/v1/model-info 
2026-09-01 13:00:46,582 |INFO | app | Model is shotdown
2026-09-01 13:00:52,871 |INFO | app | Checking ML model file | path=ml/saved_model/iris_pipeline.pkl
2026-09-01 13:00:55,664 |INFO | app | Model.pkl is loaded Successfully
2026-09-01 13:00:55,664 |INFO | app | accuracy.pkl is loaded Successfully
2026-09-01 13:00:55,774 |INFO | app | Model is shotdown
2026-09-01 13:00:58,922 |INFO | app | Checking ML model file | path=ml/saved_model/iris_pipeline.pkl
2026-09-01 13:01:01,259 |INFO | app | Model.pkl is loaded Successfully
2026-09-01 13:01:01,259 |INFO | app | accuracy.pkl is loaded Successfully
2026-09-01 13:01:16,250 |INFO | app | Request Recived |request_id=5e32b98c-1033-4031-ae34-5b95a1eff06f |method=GET |path=/api/v1/model-info 
2026-09-01 13:01:42,259 |INFO | app | Model is shotdown
2026-09-01 13:01:46,568 |INFO | app | Checking ML model file | path=ml/saved_model/iris_pipeline.pkl
2026-09-01 13:01:48,881 |INFO | app | Model.pkl is loaded Successfully
2026-09-01 13:01:48,886 |INFO | app | accuracy.pkl is loaded Successfully
2026-09-01 13:01:49,005 |INFO | app | Model is shotdown
2026-09-01 13:01:52,273 |INFO | app | Checking ML model file | path=ml/saved_model/iris_pipeline.pkl
2026-09-01 13:01:54,997 |INFO | app | Model.pkl is loaded Successfully
2026-09-01 13:01:54,997 |INFO | app | accuracy.pkl is loaded Successfully
2026-09-01 16:23:46,484 |INFO | app | Request Recived |request_id=29681833-d0a4-4b90-9426-2307db0d51c4 |method=GET |path=/api/v1/model-info 
2026-09-01 16:26:25,302 |INFO | app | Model is shotdown
2026-09-01 16:26:36,832 |INFO | app | Checking ML model file | path=ml/saved_model/iris_pipeline.pkl
2026-09-01 16:26:45,811 |INFO | app | Model.pkl is loaded Successfully
2026-09-01 16:26:45,813 |INFO | app | accuracy.pkl is loaded Successfully
2026-09-01 16:26:45,915 |INFO | app | Model is shotdown
2026-09-01 16:26:48,699 |INFO | app | Checking ML model file | path=ml/saved_model/iris_pipeline.pkl
2026-09-01 16:26:50,864 |INFO | app | Model.pkl is loaded Successfully
2026-09-01 16:26:50,864 |INFO | app | accuracy.pkl is loaded Successfully
2026-09-01 16:27:39,019 |INFO | app | Model is shotdown
2026-09-01 16:27:43,841 |INFO | app | Checking ML model file | path=ml/saved_model/iris_pipeline.pkl
2026-09-01 16:27:46,815 |INFO | app | Model.pkl is loaded Successfully
2026-09-01 16:27:46,815 |INFO | app | accuracy.pkl is loaded Successfully
2026-09-01 16:27:52,722 |INFO | app | Request Recived |request_id=e8090117-8124-4ed8-a898-9318510a2a13 |method=GET |path=/api/v1/model-info 
2026-09-01 16:28:13,156 |INFO | app | Model is shotdown
2026-09-01 16:28:17,924 |INFO | app | Checking ML model file | path=ml/saved_model/iris_pipeline.pkl
2026-09-01 16:28:21,826 |INFO | app | Model.pkl is loaded Successfully
2026-09-01 16:28:21,827 |INFO | app | accuracy.pkl is loaded Successfully
2026-09-01 16:28:21,940 |INFO | app | Model is shotdown
2026-09-01 16:28:25,017 |INFO | app | Checking ML model file | path=ml/saved_model/iris_pipeline.pkl
2026-09-01 16:28:27,683 |INFO | app | Model.pkl is loaded Successfully
2026-09-01 16:28:27,684 |INFO | app | accuracy.pkl is loaded Successfully
2026-09-01 16:28:27,790 |INFO | app | Model is shotdown
2026-09-01 16:28:31,346 |INFO | app | Checking ML model file | path=ml/saved_model/iris_pipeline.pkl
2026-09-01 16:28:33,759 |INFO | app | Model.pkl is loaded Successfully
2026-09-01 16:28:33,760 |INFO | app | accuracy.pkl is loaded Successfully
2026-09-01 16:28:34,830 |INFO | app | Request Recived |request_id=7a35b72c-16cb-4036-a4f1-4cebb27a549d |method=GET |path=/api/v1/model-info 
2026-09-01 16:29:04,744 |INFO | app | Model is shotdown
2026-09-01 16:29:07,848 |INFO | app | Checking ML model file | path=ml/saved_model/iris_pipeline.pkl
2026-09-01 16:29:11,947 |INFO | app | Model.pkl is loaded Successfully
2026-09-01 16:29:11,959 |INFO | app | accuracy.pkl is loaded Successfully
2026-09-01 16:29:12,072 |INFO | app | Model is shotdown
2026-09-01 16:29:16,450 |INFO | app | Checking ML model file | path=ml/saved_model/iris_pipeline.pkl
2026-09-01 16:29:19,724 |INFO | app | Model.pkl is loaded Successfully
2026-09-01 16:29:19,724 |INFO | app | accuracy.pkl is loaded Successfully
2026-09-01 16:29:19,836 |INFO | app | Model is shotdown
2026-09-01 16:29:24,941 |INFO | app | Checking ML model file | path=ml/saved_model/iris_pipeline.pkl
2026-09-01 16:29:30,269 |INFO | app | Model.pkl is loaded Successfully
2026-09-01 16:29:30,271 |INFO | app | accuracy.pkl is loaded Successfully
2026-09-01 16:29:30,388 |INFO | app | Model is shotdown
2026-09-01 16:29:35,823 |INFO | app | Checking ML model file | path=ml/saved_model/iris_pipeline.pkl
2026-09-01 16:29:38,503 |INFO | app | Model.pkl is loaded Successfully
2026-09-01 16:29:38,503 |INFO | app | accuracy.pkl is loaded Successfully
2026-09-01 16:29:38,606 |INFO | app | Model is shotdown
2026-09-01 16:29:41,742 |INFO | app | Checking ML model file | path=ml/saved_model/iris_pipeline.pkl
2026-09-01 16:29:44,158 |INFO | app | Model.pkl is loaded Successfully
2026-09-01 16:29:44,165 |INFO | app | accuracy.pkl is loaded Successfully
2026-09-01 16:29:45,352 |INFO | app | Request Recived |request_id=ff86d79c-8c39-4d91-9abc-f7da4897a5c7 |method=GET |path=/api/v1/model-info 
2026-09-01 16:30:15,737 |INFO | app | Model is shotdown
2026-09-01 16:30:18,496 |INFO | app | Checking ML model file | path=ml/saved_model/iris_pipeline.pkl
2026-09-01 16:30:20,856 |INFO | app | Model.pkl is loaded Successfully
2026-09-01 16:30:20,856 |INFO | app | accuracy.pkl is loaded Successfully
2026-09-01 16:30:24,877 |INFO | app | Request Recived |request_id=6995e691-6f1e-4968-a4dd-a464dc66d9bf |method=GET |path=/api/v1/model-info 
2026-09-01 16:30:45,588 |INFO | app | Model is shotdown
2026-09-01 16:30:49,654 |INFO | app | Checking ML model file | path=ml/saved_model/iris_pipeline.pkl
2026-09-01 16:31:12,602 |INFO | app | Checking ML model file | path=ml/saved_model/iris_pipeline.pkl
2026-09-01 16:31:18,445 |INFO | app | Checking ML model file | path=ml/saved_model/iris_pipeline.pkl
2026-09-01 16:31:20,952 |INFO | app | Model.pkl is loaded Successfully
2026-09-01 16:31:20,952 |INFO | app | accuracy.pkl is loaded Successfully
2026-09-01 16:31:26,441 |INFO | app | Request Recived |request_id=907eb6ef-7d9d-4533-a76d-b5f7ef5817ff |method=GET |path=/api/v1/model-info 
2026-09-01 16:32:24,778 |INFO | app | Model is shotdown
2026-09-01 16:32:29,198 |INFO | app | Checking ML model file | path=ml/saved_model/iris_pipeline.pkl
2026-09-01 16:32:32,442 |INFO | app | Model.pkl is loaded Successfully
2026-09-01 16:32:32,443 |INFO | app | accuracy.pkl is loaded Successfully
2026-09-01 16:32:32,561 |INFO | app | Model is shotdown
2026-09-01 16:32:36,054 |INFO | app | Checking ML model file | path=ml/saved_model/iris_pipeline.pkl
2026-09-01 16:32:39,059 |INFO | app | Model.pkl is loaded Successfully
2026-09-01 16:32:39,060 |INFO | app | accuracy.pkl is loaded Successfully
2026-09-01 16:32:43,661 |INFO | app | Model is shotdown
2026-09-01 16:32:47,150 |INFO | app | Checking ML model file | path=ml/saved_model/iris_pipeline.pkl
2026-09-01 16:32:49,316 |INFO | app | Model.pkl is loaded Successfully
2026-09-01 16:32:49,316 |INFO | app | accuracy.pkl is loaded Successfully
2026-09-01 16:32:56,960 |INFO | app | Model is shotdown
2026-09-01 16:33:00,427 |INFO | app | Checking ML model file | path=ml/saved_model/iris_pipeline.pkl
2026-09-01 16:33:02,641 |INFO | app | Model.pkl is loaded Successfully
2026-09-01 16:33:02,641 |INFO | app | accuracy.pkl is loaded Successfully
2026-09-01 16:33:02,743 |INFO | app | Model is shotdown
2026-09-01 16:33:05,858 |INFO | app | Checking ML model file | path=ml/saved_model/iris_pipeline.pkl
2026-09-01 16:33:08,006 |INFO | app | Model.pkl is loaded Successfully
2026-09-01 16:33:08,022 |INFO | app | accuracy.pkl is loaded Successfully
2026-09-01 16:33:19,777 |INFO | app | Model is shotdown
2026-09-01 16:33:26,181 |INFO | app | Checking ML model file | path=ml/saved_model/iris_pipeline.pkl
2026-09-01 16:33:30,468 |INFO | app | Model.pkl is loaded Successfully
2026-09-01 16:33:30,469 |INFO | app | accuracy.pkl is loaded Successfully
2026-09-01 16:33:30,575 |INFO | app | Model is shotdown
2026-09-01 16:33:34,176 |INFO | app | Checking ML model file | path=ml/saved_model/iris_pipeline.pkl
2026-09-01 16:33:37,270 |INFO | app | Model.pkl is loaded Successfully
2026-09-01 16:33:37,270 |INFO | app | accuracy.pkl is loaded Successfully
2026-09-01 16:33:54,361 |INFO | app | Request Recived |request_id=5790c1b4-359a-4a03-b5e1-07d8c79a80b5 |method=GET |path=/api/v1/model-info 
2026-09-01 16:34:53,626 |INFO | app | Model is shotdown
2026-09-01 16:34:57,862 |INFO | app | Checking ML model file | path=ml/saved_model/iris_pipeline.pkl
2026-09-01 16:34:59,943 |INFO | app | Model.pkl is loaded Successfully
2026-09-01 16:34:59,944 |INFO | app | accuracy.pkl is loaded Successfully
2026-09-01 16:35:11,971 |INFO | app | Model is shotdown
2026-09-01 16:35:15,383 |INFO | app | Checking ML model file | path=ml/saved_model/iris_pipeline.pkl
2026-09-01 16:35:19,274 |INFO | app | Model.pkl is loaded Successfully
2026-09-01 16:35:19,275 |INFO | app | accuracy.pkl is loaded Successfully
2026-09-01 16:35:19,384 |INFO | app | Model is shotdown
2026-09-01 16:35:22,450 |INFO | app | Checking ML model file | path=ml/saved_model/iris_pipeline.pkl
2026-09-01 16:35:24,946 |INFO | app | Model.pkl is loaded Successfully
2026-09-01 16:35:24,947 |INFO | app | accuracy.pkl is loaded Successfully
2026-09-01 16:35:27,881 |INFO | app | Request Recived |request_id=d1e8a474-4ca9-424b-9ead-53d372bd1eb7 |method=GET |path=/api/v1/model-info 
2026-09-01 16:36:08,824 |INFO | app | Model is shotdown
2026-09-01 16:36:25,315 |INFO | app | Checking ML model file | path=ml/saved_model/iris_pipeline.pkl
2026-09-01 16:36:27,777 |INFO | app | Model.pkl is loaded Successfully
2026-09-01 16:36:27,777 |INFO | app | accuracy.pkl is loaded Successfully
2026-09-01 16:36:30,590 |INFO | app | Request Recived |request_id=12a4df61-7d0a-4dd2-a977-e74e3d6b58d8 |method=GET |path=/api/v1/model-info 
2026-09-01 16:36:30,715 |INFO | app | Response Sent |request_id=12a4df61-7d0a-4dd2-a977-e74e3d6b58d8 |request_method=GET |path=/api/v1/model-info |response_time=0.12449249997735023 
2026-09-01 16:39:31,996 |INFO | app | Request Recived |request_id=1f26754e-533a-463d-a1d2-22888c641fef |method=GET |path=/api/v1/health 
2026-09-01 16:39:32,106 |INFO | app | Response Sent |request_id=1f26754e-533a-463d-a1d2-22888c641fef |request_method=GET |path=/api/v1/health |response_time=0.12865640001837164 
2026-09-01 16:39:34,244 |INFO | app | Request Recived |request_id=dea322c3-758d-4941-b8c7-df782aaf4e17 |method=GET |path=/api/v1/health 
2026-09-01 16:39:34,247 |INFO | app | Response Sent |request_id=dea322c3-758d-4941-b8c7-df782aaf4e17 |request_method=GET |path=/api/v1/health |response_time=0.0026335999136790633 
2026-09-01 16:39:45,987 |INFO | app | Model is shotdown
2026-09-01 16:40:01,654 |INFO | app | Checking ML model file | path=ml/saved_model/iris_pipeline.pkl
2026-09-01 16:40:01,654 |WARNING | app | Model.pkl is not loaded
2026-09-01 16:40:01,654 |INFO | app | accuracy.pkl is loaded Successfully
2026-09-01 16:40:05,597 |INFO | app | Request Recived |request_id=68f53e3a-f483-48ff-a1dc-adf7f3a8f46c |method=GET |path=/api/v1/health 
2026-09-01 16:40:05,636 |WARNING | app | PKL file is not active |method=GET|path=/api/v1/health|
2026-09-01 16:40:05,637 |INFO | app | Response Sent |request_id=68f53e3a-f483-48ff-a1dc-adf7f3a8f46c |request_method=GET |path=/api/v1/health |response_time=0.0390505000250414 
2026-09-01 16:40:07,969 |INFO | app | Request Recived |request_id=a4bbdd29-3baf-4800-bf5d-eacf05d8c790 |method=GET |path=/api/v1/health 
2026-09-01 16:40:07,973 |WARNING | app | PKL file is not active |method=GET|path=/api/v1/health|
2026-09-01 16:40:07,989 |INFO | app | Response Sent |request_id=a4bbdd29-3baf-4800-bf5d-eacf05d8c790 |request_method=GET |path=/api/v1/health |response_time=0.02047119999770075 
2026-09-01 16:40:20,220 |INFO | app | Request Recived |request_id=9e38309c-65cb-4b84-be3c-2bf34dbd6a3f |method=POST |path=/api/v1/predict 
2026-09-01 16:40:20,335 |ERROR | app | Prediction erro |request_id=9e38309c-65cb-4b84-be3c-2bf34dbd6a3ferror='NoneType' object has no attribute 'predict'
Traceback (most recent call last):
  File "D:\intewrn\ML-Model-Deployment-as-a-Monitored-REST-API\app\routes\v1.py", line 39, in predict
    result=getattr(request.app.state,"model").predict(input_data)
           ^^^^^^^^^^^^^^^^^^^^^^^^^^^^^^^^^^^^^^^^^^
AttributeError: 'NoneType' object has no attribute 'predict'
2026-09-01 16:40:20,337 |INFO | app | Response Sent |request_id=9e38309c-65cb-4b84-be3c-2bf34dbd6a3f |request_method=POST |path=/api/v1/predict |response_time=0.117163100047037 
2026-09-01 16:40:43,838 |INFO | app | Request Recived |request_id=a8ff5244-d9ad-4313-992e-1e1884e9a1bb |method=POST |path=/api/v1/predict 
2026-09-01 16:40:44,215 |INFO | app | Response Sent |request_id=a8ff5244-d9ad-4313-992e-1e1884e9a1bb |request_method=POST |path=/api/v1/predict |response_time=0.3776632999069989 
2026-09-01 16:41:38,690 |INFO | app | Request Recived |request_id=be927036-a2a8-4eaa-85f8-9e1087057171 |method=POST |path=/api/v1/predict 
2026-09-01 16:41:39,047 |INFO | app | Response Sent |request_id=be927036-a2a8-4eaa-85f8-9e1087057171 |request_method=POST |path=/api/v1/predict |response_time=0.35809510003309697 
2026-09-01 16:42:01,400 |INFO | app | Request Recived |request_id=98597e35-1ce6-43a3-8d9e-66663cacafdb |method=POST |path=/api/v1/predict 
2026-09-01 16:42:01,402 |INFO | app | Response Sent |request_id=98597e35-1ce6-43a3-8d9e-66663cacafdb |request_method=POST |path=/api/v1/predict |response_time=0.0026008000131696463 
2026-09-01 16:42:32,681 |INFO | app | Request Recived |request_id=e88b13ca-5149-47ee-b4b6-4f2391c7cb69 |method=POST |path=/api/v1/predict 
2026-09-01 16:42:32,708 |INFO | app | Response Sent |request_id=e88b13ca-5149-47ee-b4b6-4f2391c7cb69 |request_method=POST |path=/api/v1/predict |response_time=0.0273342999862507 
2026-09-01 16:42:33,934 |INFO | app | Model is shotdown
2026-09-01 16:42:37,656 |INFO | app | Checking ML model file | path=ml/saved_model/iris_pipeline.pkl
2026-09-01 16:42:37,656 |WARNING | app | Model.pkl is not loaded
2026-09-01 16:42:37,656 |INFO | app | accuracy.pkl is loaded Successfully
2026-09-01 16:42:40,587 |INFO | app | Request Recived |request_id=4e99fcec-f7ad-492f-b8b7-af6bb17990e8 |method=POST |path=/api/v1/predict 
2026-09-01 16:42:40,594 |INFO | app | Response Sent |request_id=4e99fcec-f7ad-492f-b8b7-af6bb17990e8 |request_method=POST |path=/api/v1/predict |response_time=0.006995100062340498 
2026-09-01 16:43:23,882 |INFO | app | Model is shotdown
2026-09-01 16:43:32,935 |INFO | app | Checking ML model file | path=ml/saved_model/iris_pipeline.pkl
2026-09-01 16:43:32,935 |WARNING | app | Model.pkl is not loaded
2026-09-01 16:43:32,936 |INFO | app | accuracy.pkl is loaded Successfully
2026-09-01 16:43:38,754 |INFO | app | Request Recived |request_id=ba8f2620-9c78-4370-a889-f954372c2b55 |method=POST |path=/api/v1/predict 
2026-09-01 16:43:38,760 |INFO | app | Response Sent |request_id=ba8f2620-9c78-4370-a889-f954372c2b55 |request_method=POST |path=/api/v1/predict |response_time=0.006466299993917346 
2026-09-01 16:45:12,747 |INFO | app | Request Recived |request_id=7d36c4ed-9c0c-49c3-8a22-bbdc4fa78a26 |method=POST |path=/api/v1/predict 
2026-09-01 16:45:12,800 |ERROR | app | Prediction erro |request_id=7d36c4ed-9c0c-49c3-8a22-bbdc4fa78a26error='NoneType' object has no attribute 'predict'
Traceback (most recent call last):
  File "D:\intewrn\ML-Model-Deployment-as-a-Monitored-REST-API\app\routes\v1.py", line 39, in predict
    result=getattr(request.app.state,"model").predict(input_data)
           ^^^^^^^^^^^^^^^^^^^^^^^^^^^^^^^^^^^^^^^^^^
AttributeError: 'NoneType' object has no attribute 'predict'
2026-09-01 16:45:12,802 |INFO | app | Response Sent |request_id=7d36c4ed-9c0c-49c3-8a22-bbdc4fa78a26 |request_method=POST |path=/api/v1/predict |response_time=0.05519870005082339 
2026-09-01 16:45:54,970 |INFO | app | Request Recived |request_id=968c2a41-a42c-46d9-9963-b1bc7641b082 |method=POST |path=/api/v1/predict 
2026-09-01 16:45:54,974 |ERROR | app | Prediction erro |request_id=968c2a41-a42c-46d9-9963-b1bc7641b082error='NoneType' object has no attribute 'predict'
Traceback (most recent call last):
  File "D:\intewrn\ML-Model-Deployment-as-a-Monitored-REST-API\app\routes\v1.py", line 39, in predict
    result=getattr(request.app.state,"model").predict(input_data)
           ^^^^^^^^^^^^^^^^^^^^^^^^^^^^^^^^^^^^^^^^^^
AttributeError: 'NoneType' object has no attribute 'predict'
2026-09-01 16:45:54,977 |INFO | app | Response Sent |request_id=968c2a41-a42c-46d9-9963-b1bc7641b082 |request_method=POST |path=/api/v1/predict |response_time=0.007590999943204224 
2026-09-01 16:45:56,532 |INFO | app | Request Recived |request_id=91940301-0265-42ec-bec5-10a97c64838c |method=POST |path=/api/v1/predict 
2026-09-01 16:45:56,536 |ERROR | app | Prediction erro |request_id=91940301-0265-42ec-bec5-10a97c64838cerror='NoneType' object has no attribute 'predict'
Traceback (most recent call last):
  File "D:\intewrn\ML-Model-Deployment-as-a-Monitored-REST-API\app\routes\v1.py", line 39, in predict
    result=getattr(request.app.state,"model").predict(input_data)
           ^^^^^^^^^^^^^^^^^^^^^^^^^^^^^^^^^^^^^^^^^^
AttributeError: 'NoneType' object has no attribute 'predict'
2026-09-01 16:45:56,538 |INFO | app | Response Sent |request_id=91940301-0265-42ec-bec5-10a97c64838c |request_method=POST |path=/api/v1/predict |response_time=0.00544500001706183 
2026-09-01 16:46:17,392 |INFO | app | Model is shotdown
2026-09-01 16:46:22,499 |INFO | app | Checking ML model file | path=ml/saved_model/iris_pipeline.pkl
2026-09-01 16:46:24,914 |INFO | app | Model.pkl is loaded Successfully
2026-09-01 16:46:24,965 |INFO | app | accuracy.pkl is loaded Successfully
2026-09-01 16:46:27,550 |INFO | app | Request Recived |request_id=94c3e901-a64f-49c1-968f-32cfc81f7bae |method=POST |path=/api/v1/predict 
2026-09-01 16:46:27,683 |INFO | app | Response Sent |request_id=94c3e901-a64f-49c1-968f-32cfc81f7bae |request_method=POST |path=/api/v1/predict |response_time=0.13310209999326617 
2026-09-01 16:46:37,661 |INFO | app | Request Recived |request_id=a36a3eb7-6d7e-4c99-b0d6-6a61357e7f98 |method=GET |path=/api/v1/model-info 
2026-09-01 16:46:37,679 |INFO | app | Response Sent |request_id=a36a3eb7-6d7e-4c99-b0d6-6a61357e7f98 |request_method=GET |path=/api/v1/model-info |response_time=0.016983600100502372 
2026-09-01 16:46:58,495 |INFO | app | Request Recived |request_id=4ff04901-973f-48ac-adc3-303da1577d38 |method=GET |path=/api/v1/model-info 
2026-09-01 16:46:58,501 |INFO | app | Response Sent |request_id=4ff04901-973f-48ac-adc3-303da1577d38 |request_method=GET |path=/api/v1/model-info |response_time=0.0059760999865829945 
2026-09-01 16:47:18,856 |INFO | app | Model is shotdown
2026-09-01 16:47:55,403 |INFO | app | Checking ML model file | path=ml/saved_model/iris_pipeline.pkl
2026-09-01 16:47:57,546 |INFO | app | Model.pkl is loaded Successfully
2026-09-01 16:47:57,546 |INFO | app | accuracy.pkl is loaded Successfully
2026-09-01 16:48:03,597 |INFO | app | Request Recived |request_id=8b1fba5d-4fad-4fb2-857e-84c995036cfc |method=GET |path=/api/v1/model-info 
2026-09-01 16:48:03,609 |INFO | app | Response Sent |request_id=8b1fba5d-4fad-4fb2-857e-84c995036cfc |request_method=GET |path=/api/v1/model-info |response_time=0.010475700022652745 
2026-09-03 11:13:55,917 |INFO | app | Model is shotdown
2026-09-03 11:26:46,553 |INFO | app | Checking ML model file | path=ml/saved_model/iris_pipeline.pkl
2026-09-03 11:26:57,462 |INFO | app | Model.pkl is loaded Successfully
2026-09-03 11:26:57,462 |INFO | app | accuracy.pkl is loaded Successfully
2026-09-03 11:27:03,670 |INFO | app | Request Recived |request_id=856ac3c3-8aca-42c3-a8ac-2c16917585e6 |method=GET |path=/docs 
2026-09-03 11:27:03,670 |INFO | app | Response Sent |request_id=856ac3c3-8aca-42c3-a8ac-2c16917585e6 |request_method=GET |path=/docs |response_time=0.004190499894320965 
2026-09-03 11:27:04,320 |INFO | app | Request Recived |request_id=f1c822f3-c1d3-48b1-92ad-0250adf86edb |method=GET |path=/openapi.json 
2026-09-03 11:27:04,470 |INFO | app | Response Sent |request_id=f1c822f3-c1d3-48b1-92ad-0250adf86edb |request_method=GET |path=/openapi.json |response_time=0.14794580009765923 
2026-09-03 11:27:13,150 |INFO | app | Request Recived |request_id=d222182e-f863-46bc-94ed-75bcb0bc8485 |method=POST |path=/api/v1/batch/prediction 
2026-09-03 11:27:13,279 |INFO | app | Response Sent |request_id=d222182e-f863-46bc-94ed-75bcb0bc8485 |request_method=POST |path=/api/v1/batch/prediction |response_time=0.12678990000858903 
2026-09-03 11:29:06,968 |INFO | app | Request Recived |request_id=9ec6668e-ae99-4ce5-ab43-07eb09c57515 |method=POST |path=/api/v1/batch/prediction 
2026-09-03 11:29:45,136 |INFO | app | Model is shotdown
2026-09-03 11:29:49,708 |INFO | app | Checking ML model file | path=ml/saved_model/iris_pipeline.pkl
2026-09-03 11:29:53,193 |INFO | app | Model.pkl is loaded Successfully
2026-09-03 11:29:53,193 |INFO | app | accuracy.pkl is loaded Successfully
2026-09-03 11:29:53,210 |INFO | app | Request Recived |request_id=91bfa15e-d855-45c2-ac66-d2c308cec5e6 |method=POST |path=/api/v1/batch/prediction 
2026-09-03 11:30:56,509 |INFO | app | Model is shotdown
2026-09-03 11:31:15,193 |INFO | app | Checking ML model file | path=ml/saved_model/iris_pipeline.pkl
2026-09-03 11:31:19,208 |INFO | app | Model.pkl is loaded Successfully
2026-09-03 11:31:19,217 |INFO | app | accuracy.pkl is loaded Successfully
2026-09-03 11:31:19,329 |INFO | app | Model is shotdown
2026-09-03 11:31:22,580 |INFO | app | Checking ML model file | path=ml/saved_model/iris_pipeline.pkl
2026-09-03 11:31:25,076 |INFO | app | Model.pkl is loaded Successfully
2026-09-03 11:31:25,076 |INFO | app | accuracy.pkl is loaded Successfully
2026-09-03 11:31:34,966 |INFO | app | Model is shotdown
2026-09-03 11:31:40,023 |INFO | app | Checking ML model file | path=ml/saved_model/iris_pipeline.pkl
2026-09-03 11:31:43,772 |INFO | app | Model.pkl is loaded Successfully
2026-09-03 11:31:43,772 |INFO | app | accuracy.pkl is loaded Successfully
2026-09-03 11:31:48,594 |INFO | app | Request Recived |request_id=072ad0e7-f384-4cf3-a97e-fedd98962f4c |method=POST |path=/api/v1/batch/prediction 
2026-09-03 11:33:24,217 |INFO | app | Model is shotdown
2026-09-03 11:33:38,009 |INFO | app | Checking ML model file | path=ml/saved_model/iris_pipeline.pkl
2026-09-03 11:33:41,696 |INFO | app | Model.pkl is loaded Successfully
2026-09-03 11:33:41,698 |INFO | app | accuracy.pkl is loaded Successfully
2026-09-03 11:34:02,110 |INFO | app | Model is shotdown
2026-09-03 11:34:07,757 |INFO | app | Checking ML model file | path=ml/saved_model/iris_pipeline.pkl
2026-09-03 11:34:10,724 |INFO | app | Model.pkl is loaded Successfully
2026-09-03 11:34:10,724 |INFO | app | accuracy.pkl is loaded Successfully
2026-09-03 11:34:18,241 |INFO | app | Model is shotdown
2026-09-03 11:34:25,325 |INFO | app | Checking ML model file | path=ml/saved_model/iris_pipeline.pkl
2026-09-03 11:34:28,342 |INFO | app | Model.pkl is loaded Successfully
2026-09-03 11:34:28,344 |INFO | app | accuracy.pkl is loaded Successfully
2026-09-03 11:34:28,462 |INFO | app | Model is shotdown
2026-09-03 11:34:31,251 |INFO | app | Checking ML model file | path=ml/saved_model/iris_pipeline.pkl
2026-09-03 11:34:34,172 |INFO | app | Model.pkl is loaded Successfully
2026-09-03 11:34:34,175 |INFO | app | accuracy.pkl is loaded Successfully
2026-09-03 11:34:45,149 |INFO | app | Request Recived |request_id=731b97e1-6f90-4bf1-b766-009f8d87d60d |method=POST |path=/api/v1/batch/prediction 
2026-09-03 11:35:21,355 |INFO | app | Model is shotdown
2026-09-03 11:35:32,370 |INFO | app | Checking ML model file | path=ml/saved_model/iris_pipeline.pkl
2026-09-03 11:35:38,147 |INFO | app | Model.pkl is loaded Successfully
2026-09-03 11:35:38,147 |INFO | app | accuracy.pkl is loaded Successfully
2026-09-03 11:35:42,792 |INFO | app | Request Recived |request_id=79e34cac-12be-40d7-b686-0443c2dcd4d6 |method=POST |path=/api/v1/batch/prediction 
2026-09-03 11:35:42,884 |INFO | app | Response Sent |request_id=79e34cac-12be-40d7-b686-0443c2dcd4d6 |request_method=POST |path=/api/v1/batch/prediction |response_time=0.09004669985733926 
2026-09-03 11:38:35,489 |INFO | app | Model is shotdown
2026-09-03 11:38:43,925 |INFO | app | Checking ML model file | path=ml/saved_model/iris_pipeline.pkl
2026-09-03 11:38:52,136 |INFO | app | Model.pkl is loaded Successfully
2026-09-03 11:38:52,151 |INFO | app | accuracy.pkl is loaded Successfully
2026-09-03 11:38:52,305 |INFO | app | Model is shotdown
2026-09-03 11:39:17,429 |INFO | app | Checking ML model file | path=ml/saved_model/iris_pipeline.pkl
2026-09-03 11:39:23,378 |INFO | app | Model.pkl is loaded Successfully
2026-09-03 11:39:23,380 |INFO | app | accuracy.pkl is loaded Successfully
2026-09-03 11:39:28,949 |INFO | app | Checking ML model file | path=ml/saved_model/iris_pipeline.pkl
2026-09-03 11:39:32,876 |INFO | app | Model.pkl is loaded Successfully
2026-09-03 11:39:32,876 |INFO | app | accuracy.pkl is loaded Successfully
2026-09-03 11:40:40,870 |INFO | app | Model is shotdown
2026-09-03 11:40:43,852 |INFO | app | Checking ML model file | path=ml/saved_model/iris_pipeline.pkl
2026-09-03 11:40:46,708 |INFO | app | Model.pkl is loaded Successfully
2026-09-03 11:40:46,716 |INFO | app | accuracy.pkl is loaded Successfully
2026-09-03 11:40:49,312 |INFO | app | Model is shotdown
2026-09-03 11:40:55,358 |INFO | app | Checking ML model file | path=ml/saved_model/iris_pipeline.pkl
2026-09-03 11:40:58,762 |INFO | app | Model.pkl is loaded Successfully
2026-09-03 11:40:58,766 |INFO | app | accuracy.pkl is loaded Successfully
2026-09-03 11:40:58,889 |INFO | app | Model is shotdown
2026-09-03 11:41:02,530 |INFO | app | Checking ML model file | path=ml/saved_model/iris_pipeline.pkl
2026-09-03 11:41:04,885 |INFO | app | Model.pkl is loaded Successfully
2026-09-03 11:41:04,885 |INFO | app | accuracy.pkl is loaded Successfully
2026-09-03 11:41:11,009 |INFO | app | Request Recived |request_id=9e21c4d9-0d4e-4c68-a68a-69d60ecfcafe |method=POST |path=/api/v1/batch/prediction 
2026-09-03 11:41:11,067 |INFO | app | Response Sent |request_id=9e21c4d9-0d4e-4c68-a68a-69d60ecfcafe |request_method=POST |path=/api/v1/batch/prediction |response_time=0.06472909986041486 
2026-09-03 11:41:26,963 |INFO | app | Request Recived |request_id=da60845d-7809-4b34-b676-1b10d5235a77 |method=POST |path=/api/v1/batch/prediction 
2026-09-03 11:42:26,167 |INFO | app | Model is shotdown
2026-09-03 11:44:48,992 |INFO | app | Checking ML model file | path=ml/saved_model/iris_pipeline.pkl
2026-09-03 11:44:51,325 |INFO | app | Model.pkl is loaded Successfully
2026-09-03 11:44:51,325 |INFO | app | accuracy.pkl is loaded Successfully
2026-09-03 11:44:52,945 |INFO | app | Model is shotdown
2026-09-03 11:45:22,481 |INFO | app | Checking ML model file | path=ml/saved_model/iris_pipeline.pkl
2026-09-03 11:45:25,010 |INFO | app | Model.pkl is loaded Successfully
2026-09-03 11:45:25,010 |INFO | app | accuracy.pkl is loaded Successfully
2026-09-03 11:45:30,900 |INFO | app | Model is shotdown
2026-09-03 11:45:34,432 |INFO | app | Checking ML model file | path=ml/saved_model/iris_pipeline.pkl
2026-09-03 11:45:38,238 |INFO | app | Model.pkl is loaded Successfully
2026-09-03 11:45:38,238 |INFO | app | accuracy.pkl is loaded Successfully
2026-09-03 11:45:38,340 |INFO | app | Model is shotdown
2026-09-03 11:45:42,295 |INFO | app | Checking ML model file | path=ml/saved_model/iris_pipeline.pkl
2026-09-03 11:45:45,015 |INFO | app | Model.pkl is loaded Successfully
2026-09-03 11:45:45,015 |INFO | app | accuracy.pkl is loaded Successfully
2026-09-03 11:45:52,324 |INFO | app | Model is shotdown
2026-09-03 11:45:55,604 |INFO | app | Checking ML model file | path=ml/saved_model/iris_pipeline.pkl
2026-09-03 11:45:58,506 |INFO | app | Model.pkl is loaded Successfully
2026-09-03 11:45:58,508 |INFO | app | accuracy.pkl is loaded Successfully
2026-09-03 11:46:19,201 |INFO | app | Model is shotdown
2026-09-03 11:46:22,127 |INFO | app | Checking ML model file | path=ml/saved_model/iris_pipeline.pkl
2026-09-03 11:46:24,757 |INFO | app | Model.pkl is loaded Successfully
2026-09-03 11:46:24,759 |INFO | app | accuracy.pkl is loaded Successfully
2026-09-03 11:46:24,864 |INFO | app | Model is shotdown
2026-09-03 11:46:27,658 |INFO | app | Checking ML model file | path=ml/saved_model/iris_pipeline.pkl
2026-09-03 11:46:30,299 |INFO | app | Model.pkl is loaded Successfully
2026-09-03 11:46:30,299 |INFO | app | accuracy.pkl is loaded Successfully
2026-09-03 11:46:35,817 |INFO | app | Request Recived |request_id=8b39fd0e-72cf-42fa-8750-97fcc77fa8d2 |method=POST |path=/api/v1/batch/prediction 
2026-09-03 11:46:36,153 |INFO | app | Response Sent |request_id=8b39fd0e-72cf-42fa-8750-97fcc77fa8d2 |request_method=POST |path=/api/v1/batch/prediction |response_time=0.33238379983231425 
2026-09-03 11:46:57,877 |INFO | app | Model is shotdown
2026-09-03 11:47:00,554 |INFO | app | Checking ML model file | path=ml/saved_model/iris_pipeline.pkl
2026-09-03 11:47:03,508 |INFO | app | Model.pkl is loaded Successfully
2026-09-03 11:47:03,508 |INFO | app | accuracy.pkl is loaded Successfully
2026-09-03 11:47:03,618 |INFO | app | Model is shotdown
2026-09-03 11:47:06,774 |INFO | app | Checking ML model file | path=ml/saved_model/iris_pipeline.pkl
2026-09-03 11:47:09,509 |INFO | app | Model.pkl is loaded Successfully
2026-09-03 11:47:09,509 |INFO | app | accuracy.pkl is loaded Successfully
2026-09-03 11:47:25,779 |INFO | app | Request Recived |request_id=4fc74c05-81a2-42b2-9d1f-2214d27e582f |method=POST |path=/api/v1/batch/prediction 
2026-09-03 11:47:25,862 |INFO | app | Response Sent |request_id=4fc74c05-81a2-42b2-9d1f-2214d27e582f |request_method=POST |path=/api/v1/batch/prediction |response_time=0.0901489001698792 
2026-09-03 11:47:45,337 |INFO | app | Model is shotdown
2026-09-03 11:47:48,191 |INFO | app | Checking ML model file | path=ml/saved_model/iris_pipeline.pkl
2026-09-03 11:47:50,632 |INFO | app | Model.pkl is loaded Successfully
2026-09-03 11:47:50,632 |INFO | app | accuracy.pkl is loaded Successfully
2026-09-03 11:47:55,977 |INFO | app | Request Recived |request_id=1f5aee62-3802-454d-bf28-a7c45eb9e8cd |method=POST |path=/api/v1/batch/prediction 
2026-09-03 11:47:56,056 |INFO | app | Response Sent |request_id=1f5aee62-3802-454d-bf28-a7c45eb9e8cd |request_method=POST |path=/api/v1/batch/prediction |response_time=0.08534340001642704 
2026-09-03 11:48:21,515 |INFO | app | Model is shotdown
2026-09-03 11:48:24,130 |INFO | app | Checking ML model file | path=ml/saved_model/iris_pipeline.pkl
2026-09-03 11:48:27,153 |INFO | app | Model.pkl is loaded Successfully
2026-09-03 11:48:27,154 |INFO | app | accuracy.pkl is loaded Successfully
2026-09-03 11:48:27,484 |INFO | app | Model is shotdown
2026-09-03 11:48:39,221 |INFO | app | Checking ML model file | path=ml/saved_model/iris_pipeline.pkl
2026-09-03 11:48:42,089 |INFO | app | Model.pkl is loaded Successfully
2026-09-03 11:48:42,089 |INFO | app | accuracy.pkl is loaded Successfully
2026-09-03 11:48:42,201 |INFO | app | Model is shotdown
2026-09-03 11:48:45,532 |INFO | app | Checking ML model file | path=ml/saved_model/iris_pipeline.pkl
2026-09-03 11:48:48,647 |INFO | app | Model.pkl is loaded Successfully
2026-09-03 11:48:48,647 |INFO | app | accuracy.pkl is loaded Successfully
2026-09-03 11:48:48,759 |INFO | app | Model is shotdown
2026-09-03 11:48:52,901 |INFO | app | Checking ML model file | path=ml/saved_model/iris_pipeline.pkl
2026-09-03 11:48:55,960 |INFO | app | Model.pkl is loaded Successfully
2026-09-03 11:48:56,002 |INFO | app | accuracy.pkl is loaded Successfully
2026-09-03 11:48:56,185 |INFO | app | Model is shotdown
2026-09-03 11:48:58,757 |INFO | app | Checking ML model file | path=ml/saved_model/iris_pipeline.pkl
2026-09-03 11:49:01,133 |INFO | app | Model.pkl is loaded Successfully
2026-09-03 11:49:01,136 |INFO | app | accuracy.pkl is loaded Successfully
2026-09-03 11:49:04,069 |INFO | app | Request Recived |request_id=1b19ec3e-562e-4f72-a18c-e4602ee5e4d0 |method=POST |path=/api/v1/batch/prediction 
2026-09-03 11:49:04,140 |INFO | app | Response Sent |request_id=1b19ec3e-562e-4f72-a18c-e4602ee5e4d0 |request_method=POST |path=/api/v1/batch/prediction |response_time=0.07386359991505742 
2026-09-03 11:49:18,581 |INFO | app | Model is shotdown
2026-09-03 11:49:23,816 |INFO | app | Checking ML model file | path=ml/saved_model/iris_pipeline.pkl
2026-09-03 11:49:26,839 |INFO | app | Model.pkl is loaded Successfully
2026-09-03 11:49:26,839 |INFO | app | accuracy.pkl is loaded Successfully
2026-09-03 11:49:26,955 |INFO | app | Model is shotdown
2026-09-03 11:49:30,294 |INFO | app | Checking ML model file | path=ml/saved_model/iris_pipeline.pkl
2026-09-03 11:49:34,075 |INFO | app | Model.pkl is loaded Successfully
2026-09-03 11:49:34,075 |INFO | app | accuracy.pkl is loaded Successfully
2026-09-03 11:49:34,175 |INFO | app | Model is shotdown
2026-09-03 11:49:38,801 |INFO | app | Checking ML model file | path=ml/saved_model/iris_pipeline.pkl
2026-09-03 11:49:41,978 |INFO | app | Model.pkl is loaded Successfully
2026-09-03 11:49:41,985 |INFO | app | accuracy.pkl is loaded Successfully
2026-09-03 11:49:42,117 |INFO | app | Model is shotdown
2026-09-03 11:49:45,379 |INFO | app | Checking ML model file | path=ml/saved_model/iris_pipeline.pkl
2026-09-03 11:49:47,493 |INFO | app | Model.pkl is loaded Successfully
2026-09-03 11:49:47,510 |INFO | app | accuracy.pkl is loaded Successfully
2026-09-03 11:49:50,187 |INFO | app | Request Recived |request_id=7f77c17a-8086-4705-a869-418dba48b13b |method=POST |path=/api/v1/batch/prediction 
2026-09-03 11:49:50,300 |INFO | app | Response Sent |request_id=7f77c17a-8086-4705-a869-418dba48b13b |request_method=POST |path=/api/v1/batch/prediction |response_time=0.10590179986320436 
2026-09-03 11:50:11,444 |INFO | app | Model is shotdown
2026-09-03 11:50:20,447 |INFO | app | Checking ML model file | path=ml/saved_model/iris_pipeline.pkl
2026-09-03 11:50:22,996 |INFO | app | Model.pkl is loaded Successfully
2026-09-03 11:50:22,996 |INFO | app | accuracy.pkl is loaded Successfully
2026-09-03 11:50:27,032 |INFO | app | Request Recived |request_id=637e3a99-68d1-4ace-b814-f43fa114a78a |method=POST |path=/api/v1/batch/prediction 
2026-09-03 11:50:27,105 |INFO | app | Response Sent |request_id=637e3a99-68d1-4ace-b814-f43fa114a78a |request_method=POST |path=/api/v1/batch/prediction |response_time=0.07329589989967644 
2026-09-03 11:50:33,493 |INFO | app | Model is shotdown
2026-09-03 11:50:36,567 |INFO | app | Checking ML model file | path=ml/saved_model/iris_pipeline.pkl
2026-09-03 11:50:38,637 |INFO | app | Model.pkl is loaded Successfully
2026-09-03 11:50:38,637 |INFO | app | accuracy.pkl is loaded Successfully
2026-09-03 11:50:43,180 |INFO | app | Request Recived |request_id=ea5e44d6-137b-49a9-9b5d-b1e372371352 |method=POST |path=/api/v1/batch/prediction 
2026-09-03 11:50:43,269 |INFO | app | Response Sent |request_id=ea5e44d6-137b-49a9-9b5d-b1e372371352 |request_method=POST |path=/api/v1/batch/prediction |response_time=0.09367650002241135 
2026-09-03 11:52:08,414 |INFO | app | Model is shotdown
2026-09-03 11:52:12,668 |INFO | app | Checking ML model file | path=ml/saved_model/iris_pipeline.pkl
2026-09-03 11:52:16,533 |INFO | app | Model.pkl is loaded Successfully
2026-09-03 11:52:16,533 |INFO | app | accuracy.pkl is loaded Successfully
2026-09-03 11:52:16,642 |INFO | app | Model is shotdown
2026-09-03 11:52:21,264 |INFO | app | Checking ML model file | path=ml/saved_model/iris_pipeline.pkl
2026-09-03 11:52:24,041 |INFO | app | Model.pkl is loaded Successfully
2026-09-03 11:52:24,043 |INFO | app | accuracy.pkl is loaded Successfully
2026-09-03 11:52:24,158 |INFO | app | Model is shotdown
2026-09-03 11:52:30,087 |INFO | app | Checking ML model file | path=ml/saved_model/iris_pipeline.pkl
2026-09-03 11:52:32,818 |INFO | app | Model.pkl is loaded Successfully
2026-09-03 11:52:32,824 |INFO | app | accuracy.pkl is loaded Successfully
2026-09-03 11:52:32,932 |INFO | app | Model is shotdown
2026-09-03 11:52:35,645 |INFO | app | Checking ML model file | path=ml/saved_model/iris_pipeline.pkl
2026-09-03 11:52:38,339 |INFO | app | Model.pkl is loaded Successfully
2026-09-03 11:52:38,343 |INFO | app | accuracy.pkl is loaded Successfully
2026-09-03 11:52:43,230 |INFO | app | Request Recived |request_id=b31d77f7-1747-4bab-8eae-552cdc66ee85 |method=POST |path=/api/v1/batch/prediction 
2026-09-03 11:52:43,307 |INFO | app | Response Sent |request_id=b31d77f7-1747-4bab-8eae-552cdc66ee85 |request_method=POST |path=/api/v1/batch/prediction |response_time=0.07780340011231601 
2026-09-03 11:53:00,523 |INFO | app | Model is shotdown
2026-09-03 11:53:04,395 |INFO | app | Checking ML model file | path=ml/saved_model/iris_pipeline.pkl
2026-09-03 11:53:06,780 |INFO | app | Model.pkl is loaded Successfully
2026-09-03 11:53:06,780 |INFO | app | accuracy.pkl is loaded Successfully
2026-09-03 11:53:11,693 |INFO | app | Request Recived |request_id=185b1df2-6eb3-40e5-aa1e-a7a8dab41888 |method=POST |path=/api/v1/batch/prediction 
2026-09-03 11:53:11,768 |INFO | app | Response Sent |request_id=185b1df2-6eb3-40e5-aa1e-a7a8dab41888 |request_method=POST |path=/api/v1/batch/prediction |response_time=0.07539139990694821 
2026-09-03 11:53:28,030 |INFO | app | Model is shotdown
2026-09-03 11:53:31,621 |INFO | app | Checking ML model file | path=ml/saved_model/iris_pipeline.pkl
2026-09-03 11:53:34,733 |INFO | app | Model.pkl is loaded Successfully
2026-09-03 11:53:34,735 |INFO | app | accuracy.pkl is loaded Successfully
2026-09-03 11:53:34,850 |INFO | app | Model is shotdown
2026-09-03 11:53:37,594 |INFO | app | Checking ML model file | path=ml/saved_model/iris_pipeline.pkl
2026-09-03 11:53:40,193 |INFO | app | Model.pkl is loaded Successfully
2026-09-03 11:53:40,193 |INFO | app | accuracy.pkl is loaded Successfully
2026-09-03 11:53:58,403 |INFO | app | Model is shotdown
2026-09-03 11:54:12,692 |INFO | app | Checking ML model file | path=ml/saved_model/iris_pipeline.pkl
2026-09-03 11:54:15,209 |INFO | app | Model.pkl is loaded Successfully
2026-09-03 11:54:15,209 |INFO | app | accuracy.pkl is loaded Successfully
2026-09-03 11:54:15,311 |INFO | app | Model is shotdown
2026-09-03 11:54:17,789 |INFO | app | Checking ML model file | path=ml/saved_model/iris_pipeline.pkl
2026-09-03 11:54:20,900 |INFO | app | Model.pkl is loaded Successfully
2026-09-03 11:54:20,900 |INFO | app | accuracy.pkl is loaded Successfully
2026-09-03 11:54:27,430 |INFO | app | Model is shotdown
2026-09-03 11:54:32,622 |INFO | app | Checking ML model file | path=ml/saved_model/iris_pipeline.pkl
2026-09-03 11:54:35,227 |INFO | app | Model.pkl is loaded Successfully
2026-09-03 11:54:35,227 |INFO | app | accuracy.pkl is loaded Successfully
2026-09-03 11:54:39,946 |INFO | app | Request Recived |request_id=bef04767-a101-483e-8ffb-44eeca9d4759 |method=POST |path=/api/v1/batch/prediction 
2026-09-03 11:54:39,976 |INFO | app | Response Sent |request_id=bef04767-a101-483e-8ffb-44eeca9d4759 |request_method=POST |path=/api/v1/batch/prediction |response_time=0.02543640020303428 
2026-09-03 11:55:21,478 |INFO | app | Model is shotdown
2026-09-03 11:55:24,320 |INFO | app | Checking ML model file | path=ml/saved_model/iris_pipeline.pkl
2026-09-03 11:55:27,353 |INFO | app | Model.pkl is loaded Successfully
2026-09-03 11:55:27,355 |INFO | app | accuracy.pkl is loaded Successfully
2026-09-03 11:55:27,364 |INFO | app | Request Recived |request_id=74c4b2a3-e152-45fb-9c6d-7c7786f1a2c4 |method=POST |path=/api/v1/batch/prediction 
2026-09-03 11:55:27,494 |INFO | app | Response Sent |request_id=74c4b2a3-e152-45fb-9c6d-7c7786f1a2c4 |request_method=POST |path=/api/v1/batch/prediction |response_time=0.12983079999685287 
2026-09-03 11:58:29,457 |INFO | app | Model is shotdown
2026-09-03 11:58:33,343 |INFO | app | Checking ML model file | path=ml/saved_model/iris_pipeline.pkl
2026-09-03 11:58:37,873 |INFO | app | Model.pkl is loaded Successfully
2026-09-03 11:58:37,873 |INFO | app | accuracy.pkl is loaded Successfully
2026-09-03 11:58:37,988 |INFO | app | Model is shotdown
2026-09-03 11:58:42,724 |INFO | app | Checking ML model file | path=ml/saved_model/iris_pipeline.pkl
2026-09-03 11:58:46,321 |INFO | app | Model.pkl is loaded Successfully
2026-09-03 11:58:46,323 |INFO | app | accuracy.pkl is loaded Successfully
2026-09-03 11:58:46,429 |INFO | app | Model is shotdown
2026-09-03 11:58:50,072 |INFO | app | Checking ML model file | path=ml/saved_model/iris_pipeline.pkl
2026-09-03 11:58:52,694 |INFO | app | Model.pkl is loaded Successfully
2026-09-03 11:58:52,696 |INFO | app | accuracy.pkl is loaded Successfully
2026-09-03 11:58:52,829 |INFO | app | Model is shotdown
2026-09-03 11:58:57,803 |INFO | app | Checking ML model file | path=ml/saved_model/iris_pipeline.pkl
2026-09-03 11:59:01,273 |INFO | app | Model.pkl is loaded Successfully
2026-09-03 11:59:01,276 |INFO | app | accuracy.pkl is loaded Successfully
2026-09-03 11:59:01,386 |INFO | app | Model is shotdown
2026-09-03 11:59:05,089 |INFO | app | Checking ML model file | path=ml/saved_model/iris_pipeline.pkl
2026-09-03 11:59:07,458 |INFO | app | Model.pkl is loaded Successfully
2026-09-03 11:59:07,458 |INFO | app | accuracy.pkl is loaded Successfully
2026-09-03 11:59:10,304 |INFO | app | Request Recived |request_id=36702c06-b794-4445-b21a-26b80b29dcd9 |method=POST |path=/api/v1/batch/prediction 
2026-09-03 11:59:21,452 |INFO | app | Model is shotdown
2026-09-03 11:59:24,454 |INFO | app | Checking ML model file | path=ml/saved_model/iris_pipeline.pkl
2026-09-03 11:59:26,888 |INFO | app | Model.pkl is loaded Successfully
2026-09-03 11:59:26,888 |INFO | app | accuracy.pkl is loaded Successfully
2026-09-03 11:59:29,659 |INFO | app | Request Recived |request_id=4cbe7826-3ec5-4388-8a29-12a82b8f87b1 |method=POST |path=/api/v1/batch/prediction 
2026-09-03 11:59:29,754 |INFO | app | Response Sent |request_id=4cbe7826-3ec5-4388-8a29-12a82b8f87b1 |request_method=POST |path=/api/v1/batch/prediction |response_time=0.09731060010381043 
2026-09-03 11:59:48,136 |INFO | app | Model is shotdown
2026-09-03 11:59:51,445 |INFO | app | Checking ML model file | path=ml/saved_model/iris_pipeline.pkl
2026-09-03 11:59:54,071 |INFO | app | Model.pkl is loaded Successfully
2026-09-03 11:59:54,074 |INFO | app | accuracy.pkl is loaded Successfully
2026-09-03 11:59:54,190 |INFO | app | Model is shotdown
2026-09-03 12:00:10,714 |INFO | app | Checking ML model file | path=ml/saved_model/iris_pipeline.pkl
2026-09-03 12:00:13,219 |INFO | app | Model.pkl is loaded Successfully
2026-09-03 12:00:13,219 |INFO | app | accuracy.pkl is loaded Successfully
2026-09-03 12:00:16,619 |INFO | app | Request Recived |request_id=2e8e9307-00ab-42b9-840d-cd8639ce9e46 |method=POST |path=/api/v1/batch/prediction 
2026-09-03 12:00:16,710 |INFO | app | Response Sent |request_id=2e8e9307-00ab-42b9-840d-cd8639ce9e46 |request_method=POST |path=/api/v1/batch/prediction |response_time=0.09316350007429719 
2026-09-03 12:00:29,804 |INFO | app | Model is shotdown
2026-09-03 12:00:43,723 |INFO | app | Checking ML model file | path=ml/saved_model/iris_pipeline.pkl
2026-09-03 12:00:47,626 |INFO | app | Model.pkl is loaded Successfully
2026-09-03 12:00:47,631 |INFO | app | accuracy.pkl is loaded Successfully
2026-09-03 12:00:47,752 |INFO | app | Model is shotdown
2026-09-03 12:00:50,788 |INFO | app | Checking ML model file | path=ml/saved_model/iris_pipeline.pkl
2026-09-03 12:00:53,300 |INFO | app | Model.pkl is loaded Successfully
2026-09-03 12:00:53,302 |INFO | app | accuracy.pkl is loaded Successfully
2026-09-03 12:00:55,331 |INFO | app | Model is shotdown
2026-09-03 12:01:24,354 |INFO | app | Checking ML model file | path=ml/saved_model/iris_pipeline.pkl
2026-09-03 12:01:28,600 |INFO | app | Model.pkl is loaded Successfully
2026-09-03 12:01:28,600 |INFO | app | accuracy.pkl is loaded Successfully
2026-09-03 12:01:28,715 |INFO | app | Model is shotdown
2026-09-03 12:01:33,534 |INFO | app | Checking ML model file | path=ml/saved_model/iris_pipeline.pkl
2026-09-03 12:01:37,416 |INFO | app | Model.pkl is loaded Successfully
2026-09-03 12:01:37,416 |INFO | app | accuracy.pkl is loaded Successfully
2026-09-03 12:01:37,538 |INFO | app | Model is shotdown
2026-09-03 12:01:44,793 |INFO | app | Checking ML model file | path=ml/saved_model/iris_pipeline.pkl
2026-09-03 12:01:46,920 |INFO | app | Model.pkl is loaded Successfully
2026-09-03 12:01:46,920 |INFO | app | accuracy.pkl is loaded Successfully
2026-09-03 12:01:47,033 |INFO | app | Model is shotdown
2026-09-03 12:01:51,238 |INFO | app | Checking ML model file | path=ml/saved_model/iris_pipeline.pkl
2026-09-03 12:01:55,880 |INFO | app | Model.pkl is loaded Successfully
2026-09-03 12:01:55,881 |INFO | app | accuracy.pkl is loaded Successfully
2026-09-03 12:01:55,982 |INFO | app | Model is shotdown
2026-09-03 12:02:00,092 |INFO | app | Checking ML model file | path=ml/saved_model/iris_pipeline.pkl
2026-09-03 12:02:03,877 |INFO | app | Model.pkl is loaded Successfully
2026-09-03 12:02:03,880 |INFO | app | accuracy.pkl is loaded Successfully
2026-09-03 12:02:04,147 |INFO | app | Model is shotdown
2026-09-03 12:02:07,057 |INFO | app | Checking ML model file | path=ml/saved_model/iris_pipeline.pkl
2026-09-03 12:02:10,304 |INFO | app | Model.pkl is loaded Successfully
2026-09-03 12:02:10,305 |INFO | app | accuracy.pkl is loaded Successfully
2026-09-03 12:02:10,416 |INFO | app | Model is shotdown
2026-09-03 12:02:12,612 |INFO | app | Checking ML model file | path=ml/saved_model/iris_pipeline.pkl
2026-09-03 12:02:14,743 |INFO | app | Model.pkl is loaded Successfully
2026-09-03 12:02:14,744 |INFO | app | accuracy.pkl is loaded Successfully
2026-09-03 12:02:20,929 |INFO | app | Request Recived |request_id=cd16c750-3349-4b6d-97be-a94cfb7ceea0 |method=POST |path=/api/v1/batch/prediction 
2026-09-03 12:02:21,012 |INFO | app | Response Sent |request_id=cd16c750-3349-4b6d-97be-a94cfb7ceea0 |request_method=POST |path=/api/v1/batch/prediction |response_time=0.08329590014182031 
2026-09-03 12:02:40,276 |INFO | app | Request Recived |request_id=265ffeea-98f6-4d1b-ac45-ab2af2c82bd3 |method=POST |path=/api/v1/batch/prediction 
2026-09-03 12:02:40,290 |INFO | app | Response Sent |request_id=265ffeea-98f6-4d1b-ac45-ab2af2c82bd3 |request_method=POST |path=/api/v1/batch/prediction |response_time=0.013822400011122227 
2026-09-03 12:03:24,059 |INFO | app | Request Recived |request_id=f4ad0720-5e04-4afd-bcf3-d0d6f9783e7b |method=POST |path=/api/v1/batch/prediction 
2026-09-03 12:03:24,076 |INFO | app | Response Sent |request_id=f4ad0720-5e04-4afd-bcf3-d0d6f9783e7b |request_method=POST |path=/api/v1/batch/prediction |response_time=0.01677930005826056 
2026-09-03 12:03:43,764 |INFO | app | Model is shotdown
2026-09-03 12:03:50,167 |INFO | app | Checking ML model file | path=ml/saved_model/iris_pipeline.pkl
2026-09-03 12:03:52,057 |INFO | app | Model.pkl is loaded Successfully
2026-09-03 12:03:52,057 |INFO | app | accuracy.pkl is loaded Successfully
2026-09-03 12:03:53,701 |INFO | app | Request Recived |request_id=8a40b044-4048-49cf-9191-0d8fe10211af |method=POST |path=/api/v1/batch/prediction 
2026-09-03 12:03:53,799 |INFO | app | Response Sent |request_id=8a40b044-4048-49cf-9191-0d8fe10211af |request_method=POST |path=/api/v1/batch/prediction |response_time=0.097903500078246 
2026-09-03 12:04:05,842 |INFO | app | Model is shotdown
2026-09-03 12:04:08,258 |INFO | app | Checking ML model file | path=ml/saved_model/iris_pipeline.pkl
2026-09-03 12:04:11,022 |INFO | app | Model.pkl is loaded Successfully
2026-09-03 12:04:11,022 |INFO | app | accuracy.pkl is loaded Successfully
2026-09-03 12:04:12,091 |INFO | app | Model is shotdown
2026-09-03 12:04:15,094 |INFO | app | Checking ML model file | path=ml/saved_model/iris_pipeline.pkl
2026-09-03 12:04:17,656 |INFO | app | Model.pkl is loaded Successfully
2026-09-03 12:04:17,656 |INFO | app | accuracy.pkl is loaded Successfully
2026-09-03 12:04:17,765 |INFO | app | Model is shotdown
2026-09-03 12:04:23,612 |INFO | app | Checking ML model file | path=ml/saved_model/iris_pipeline.pkl
2026-09-03 12:04:27,547 |INFO | app | Model.pkl is loaded Successfully
2026-09-03 12:04:27,547 |INFO | app | accuracy.pkl is loaded Successfully
2026-09-03 12:04:27,659 |INFO | app | Model is shotdown
2026-09-03 12:04:31,984 |INFO | app | Checking ML model file | path=ml/saved_model/iris_pipeline.pkl
2026-09-03 12:04:35,643 |INFO | app | Model.pkl is loaded Successfully
2026-09-03 12:04:35,651 |INFO | app | accuracy.pkl is loaded Successfully
2026-09-03 12:04:35,757 |INFO | app | Model is shotdown
2026-09-03 12:04:40,652 |INFO | app | Checking ML model file | path=ml/saved_model/iris_pipeline.pkl
2026-09-03 12:04:44,335 |INFO | app | Model.pkl is loaded Successfully
2026-09-03 12:04:44,337 |INFO | app | accuracy.pkl is loaded Successfully
2026-09-03 12:04:44,455 |INFO | app | Model is shotdown
2026-09-03 12:04:46,852 |INFO | app | Checking ML model file | path=ml/saved_model/iris_pipeline.pkl
2026-09-03 12:04:48,994 |INFO | app | Model.pkl is loaded Successfully
2026-09-03 12:04:48,995 |INFO | app | accuracy.pkl is loaded Successfully
2026-09-03 12:04:50,837 |INFO | app | Request Recived |request_id=d029863c-af0c-49aa-aee5-f1c3d4586dfc |method=POST |path=/api/v1/batch/prediction 
2026-09-03 12:05:12,443 |INFO | app | Model is shotdown
2026-09-03 12:05:17,231 |INFO | app | Checking ML model file | path=ml/saved_model/iris_pipeline.pkl
2026-09-03 12:05:20,008 |INFO | app | Model.pkl is loaded Successfully
2026-09-03 12:05:20,010 |INFO | app | accuracy.pkl is loaded Successfully
2026-09-03 12:05:23,190 |INFO | app | Request Recived |request_id=7f60b6b4-392f-46ff-b023-83c277ba805c |method=POST |path=/api/v1/batch/prediction 
2026-09-03 12:05:23,285 |INFO | app | Response Sent |request_id=7f60b6b4-392f-46ff-b023-83c277ba805c |request_method=POST |path=/api/v1/batch/prediction |response_time=0.09431920014321804 
2026-09-03 12:05:41,103 |INFO | app | Model is shotdown
2026-09-03 12:05:46,376 |INFO | app | Checking ML model file | path=ml/saved_model/iris_pipeline.pkl
2026-09-03 12:05:48,655 |INFO | app | Model.pkl is loaded Successfully
2026-09-03 12:05:48,655 |INFO | app | accuracy.pkl is loaded Successfully
2026-09-03 12:05:48,770 |INFO | app | Model is shotdown
2026-09-03 12:05:51,202 |INFO | app | Checking ML model file | path=ml/saved_model/iris_pipeline.pkl
2026-09-03 12:05:53,647 |INFO | app | Model.pkl is loaded Successfully
2026-09-03 12:05:53,648 |INFO | app | accuracy.pkl is loaded Successfully
2026-09-03 12:05:59,708 |INFO | app | Request Recived |request_id=d60ccd4a-9d12-4e82-b0b1-40bc96430314 |method=POST |path=/api/v1/batch/prediction 
2026-09-03 12:05:59,795 |INFO | app | Response Sent |request_id=d60ccd4a-9d12-4e82-b0b1-40bc96430314 |request_method=POST |path=/api/v1/batch/prediction |response_time=0.0872390998993069 
2026-09-03 12:06:19,103 |INFO | app | Model is shotdown
2026-09-03 12:06:23,184 |INFO | app | Checking ML model file | path=ml/saved_model/iris_pipeline.pkl
2026-09-03 12:06:26,464 |INFO | app | Model.pkl is loaded Successfully
2026-09-03 12:06:26,464 |INFO | app | accuracy.pkl is loaded Successfully
2026-09-03 12:06:26,587 |INFO | app | Model is shotdown
2026-09-03 12:06:32,003 |INFO | app | Checking ML model file | path=ml/saved_model/iris_pipeline.pkl
2026-09-03 12:06:36,522 |INFO | app | Model.pkl is loaded Successfully
2026-09-03 12:06:36,522 |INFO | app | accuracy.pkl is loaded Successfully
2026-09-03 12:06:36,638 |INFO | app | Model is shotdown
2026-09-03 12:06:40,826 |INFO | app | Checking ML model file | path=ml/saved_model/iris_pipeline.pkl
2026-09-03 12:06:45,724 |INFO | app | Model.pkl is loaded Successfully
2026-09-03 12:06:45,726 |INFO | app | accuracy.pkl is loaded Successfully
2026-09-03 12:06:47,833 |INFO | app | Model is shotdown
2026-09-03 12:06:52,732 |INFO | app | Checking ML model file | path=ml/saved_model/iris_pipeline.pkl
2026-09-03 12:06:56,251 |INFO | app | Model.pkl is loaded Successfully
2026-09-03 12:06:56,253 |INFO | app | accuracy.pkl is loaded Successfully
2026-09-03 12:06:56,368 |INFO | app | Model is shotdown
2026-09-03 12:07:01,108 |INFO | app | Checking ML model file | path=ml/saved_model/iris_pipeline.pkl
2026-09-03 12:07:06,593 |INFO | app | Model.pkl is loaded Successfully
2026-09-03 12:07:06,595 |INFO | app | accuracy.pkl is loaded Successfully
2026-09-03 12:07:06,714 |INFO | app | Model is shotdown
2026-09-03 12:07:11,961 |INFO | app | Checking ML model file | path=ml/saved_model/iris_pipeline.pkl
2026-09-03 12:07:15,798 |INFO | app | Model.pkl is loaded Successfully
2026-09-03 12:07:15,798 |INFO | app | accuracy.pkl is loaded Successfully
2026-09-03 12:07:15,900 |INFO | app | Model is shotdown
2026-09-03 12:07:20,864 |INFO | app | Checking ML model file | path=ml/saved_model/iris_pipeline.pkl
2026-09-03 12:07:27,219 |INFO | app | Model.pkl is loaded Successfully
2026-09-03 12:07:27,233 |INFO | app | accuracy.pkl is loaded Successfully
2026-09-03 12:07:27,405 |INFO | app | Model is shotdown
2026-09-03 12:07:33,658 |INFO | app | Checking ML model file | path=ml/saved_model/iris_pipeline.pkl
2026-09-03 12:07:38,458 |INFO | app | Model.pkl is loaded Successfully
2026-09-03 12:07:38,462 |INFO | app | accuracy.pkl is loaded Successfully
2026-09-03 12:07:38,584 |INFO | app | Model is shotdown
2026-09-03 12:07:44,638 |INFO | app | Checking ML model file | path=ml/saved_model/iris_pipeline.pkl
2026-09-03 12:07:49,112 |INFO | app | Model.pkl is loaded Successfully
2026-09-03 12:07:49,126 |INFO | app | accuracy.pkl is loaded Successfully
2026-09-03 12:07:49,318 |INFO | app | Model is shotdown
2026-09-03 12:07:53,549 |INFO | app | Checking ML model file | path=ml/saved_model/iris_pipeline.pkl
2026-09-03 12:07:55,896 |INFO | app | Model.pkl is loaded Successfully
2026-09-03 12:07:55,898 |INFO | app | accuracy.pkl is loaded Successfully
2026-09-03 12:08:00,989 |INFO | app | Request Recived |request_id=c7256fa0-6c00-45f3-90dd-96ab05ff107f |method=POST |path=/api/v1/batch/prediction 
2026-09-03 12:08:18,345 |INFO | app | Model is shotdown
2026-09-03 12:08:21,881 |INFO | app | Checking ML model file | path=ml/saved_model/iris_pipeline.pkl
2026-09-03 12:08:24,024 |INFO | app | Model.pkl is loaded Successfully
2026-09-03 12:08:24,024 |INFO | app | accuracy.pkl is loaded Successfully
2026-09-03 12:08:29,200 |INFO | app | Model is shotdown
2026-09-03 12:08:38,696 |INFO | app | Checking ML model file | path=ml/saved_model/iris_pipeline.pkl
2026-09-03 12:08:42,010 |INFO | app | Model.pkl is loaded Successfully
2026-09-03 12:08:42,026 |INFO | app | accuracy.pkl is loaded Successfully
2026-09-03 12:08:42,166 |INFO | app | Model is shotdown
2026-09-03 12:08:51,096 |INFO | app | Checking ML model file | path=ml/saved_model/iris_pipeline.pkl
2026-09-03 12:08:53,684 |INFO | app | Model.pkl is loaded Successfully
2026-09-03 12:08:53,685 |INFO | app | accuracy.pkl is loaded Successfully
2026-09-03 12:08:56,758 |INFO | app | Request Recived |request_id=e12adffc-7558-4e32-8448-64cd11e3074e |method=POST |path=/api/v1/batch/prediction 
2026-09-03 12:08:56,864 |INFO | app | Response Sent |request_id=e12adffc-7558-4e32-8448-64cd11e3074e |request_method=POST |path=/api/v1/batch/prediction |response_time=0.10605779988691211 
2026-09-03 12:09:42,020 |INFO | app | Model is shotdown
2026-09-03 12:09:46,427 |INFO | app | Checking ML model file | path=ml/saved_model/iris_pipeline.pkl
2026-09-03 12:09:48,899 |INFO | app | Model.pkl is loaded Successfully
2026-09-03 12:09:48,901 |INFO | app | accuracy.pkl is loaded Successfully
2026-09-03 12:09:49,011 |INFO | app | Model is shotdown
2026-09-03 12:09:52,784 |INFO | app | Checking ML model file | path=ml/saved_model/iris_pipeline.pkl
2026-09-03 12:09:54,996 |INFO | app | Model.pkl is loaded Successfully
2026-09-03 12:09:54,997 |INFO | app | accuracy.pkl is loaded Successfully
2026-09-03 12:09:55,005 |INFO | app | Request Recived |request_id=0676926e-fe97-4cb3-87cb-d4f3afe3f0b0 |method=POST |path=/api/v1/batch/prediction 
2026-09-03 12:09:55,070 |INFO | app | Response Sent |request_id=0676926e-fe97-4cb3-87cb-d4f3afe3f0b0 |request_method=POST |path=/api/v1/batch/prediction |response_time=0.06511670001782477 
2026-09-03 12:10:09,141 |INFO | app | Model is shotdown
2026-09-03 12:10:14,800 |INFO | app | Checking ML model file | path=ml/saved_model/iris_pipeline.pkl
2026-09-03 12:10:17,386 |INFO | app | Model.pkl is loaded Successfully
2026-09-03 12:10:17,387 |INFO | app | accuracy.pkl is loaded Successfully
2026-09-03 12:10:23,133 |INFO | app | Request Recived |request_id=a7e404d3-5911-4d61-94cb-7aacf5715abc |method=POST |path=/api/v1/batch/prediction 
2026-09-03 12:10:23,237 |INFO | app | Response Sent |request_id=a7e404d3-5911-4d61-94cb-7aacf5715abc |request_method=POST |path=/api/v1/batch/prediction |response_time=0.10336979990825057 
2026-09-03 12:10:39,175 |INFO | app | Model is shotdown
2026-09-03 12:10:41,601 |INFO | app | Checking ML model file | path=ml/saved_model/iris_pipeline.pkl
2026-09-03 12:10:43,659 |INFO | app | Model.pkl is loaded Successfully
2026-09-03 12:10:43,659 |INFO | app | accuracy.pkl is loaded Successfully
2026-09-03 12:10:57,586 |INFO | app | Request Recived |request_id=515ff121-0449-4cee-911a-e624e3f40cef |method=POST |path=/api/v1/batch/prediction 
2026-09-03 12:10:57,660 |INFO | app | Response Sent |request_id=515ff121-0449-4cee-911a-e624e3f40cef |request_method=POST |path=/api/v1/batch/prediction |response_time=0.0740777999162674 
2026-09-03 12:11:08,070 |INFO | app | Model is shotdown
2026-09-03 12:11:11,911 |INFO | app | Checking ML model file | path=ml/saved_model/iris_pipeline.pkl
2026-09-03 12:11:14,110 |INFO | app | Model.pkl is loaded Successfully
2026-09-03 12:11:14,111 |INFO | app | accuracy.pkl is loaded Successfully
2026-09-03 12:11:14,219 |INFO | app | Model is shotdown
2026-09-03 12:11:16,938 |INFO | app | Checking ML model file | path=ml/saved_model/iris_pipeline.pkl
2026-09-03 12:11:19,156 |INFO | app | Model.pkl is loaded Successfully
2026-09-03 12:11:19,157 |INFO | app | accuracy.pkl is loaded Successfully
2026-09-03 12:11:23,018 |INFO | app | Request Recived |request_id=7710a13d-4101-4289-aad8-b7b87ba092dd |method=POST |path=/api/v1/batch/prediction 
2026-09-03 12:13:00,554 |INFO | app | Model is shotdown
2026-09-03 12:13:05,417 |INFO | app | Checking ML model file | path=ml/saved_model/iris_pipeline.pkl
2026-09-03 12:13:09,216 |INFO | app | Model.pkl is loaded Successfully
2026-09-03 12:13:09,216 |INFO | app | accuracy.pkl is loaded Successfully
2026-09-03 12:13:09,319 |INFO | app | Model is shotdown
2026-09-03 12:13:14,086 |INFO | app | Checking ML model file | path=ml/saved_model/iris_pipeline.pkl
2026-09-03 12:13:17,499 |INFO | app | Model.pkl is loaded Successfully
2026-09-03 12:13:17,500 |INFO | app | accuracy.pkl is loaded Successfully
2026-09-03 12:13:17,818 |INFO | app | Model is shotdown
2026-09-03 12:13:21,671 |INFO | app | Checking ML model file | path=ml/saved_model/iris_pipeline.pkl
2026-09-03 12:13:25,059 |INFO | app | Model.pkl is loaded Successfully
2026-09-03 12:13:25,060 |INFO | app | accuracy.pkl is loaded Successfully
2026-09-03 12:13:25,171 |INFO | app | Model is shotdown
2026-09-03 12:13:27,869 |INFO | app | Checking ML model file | path=ml/saved_model/iris_pipeline.pkl
2026-09-03 12:13:30,865 |INFO | app | Model.pkl is loaded Successfully
2026-09-03 12:13:30,867 |INFO | app | accuracy.pkl is loaded Successfully
2026-09-03 12:13:30,877 |INFO | app | Request Recived |request_id=d76d2e94-db7d-41a1-8658-8ffc23264727 |method=POST |path=/api/v1/batch/prediction 
2026-09-03 12:13:30,957 |INFO | app | Response Sent |request_id=d76d2e94-db7d-41a1-8658-8ffc23264727 |request_method=POST |path=/api/v1/batch/prediction |response_time=0.08023449988104403 
2026-09-03 12:15:16,658 |INFO | app | Request Recived |request_id=049b108c-d4f2-4235-8694-9c9f979357a0 |method=GET |path=/api/v1/model-info 
2026-09-03 12:15:17,019 |INFO | app | Response Sent |request_id=049b108c-d4f2-4235-8694-9c9f979357a0 |request_method=GET |path=/api/v1/model-info |response_time=0.3615472998935729 
2026-09-03 12:16:58,557 |INFO | app | Model is shotdown
2026-09-03 12:17:01,940 |INFO | app | Checking ML model file | path=ml/saved_model/iris_pipeline.pkl
2026-09-03 12:17:04,986 |INFO | app | Model.pkl is loaded Successfully
2026-09-03 12:17:04,986 |INFO | app | accuracy.pkl is loaded Successfully
2026-09-03 12:17:20,423 |INFO | app | Model is shotdown
2026-09-03 12:17:33,686 |INFO | app | Checking ML model file | path=ml/saved_model/iris_pipeline.pkl
2026-09-03 12:17:35,833 |INFO | app | Model.pkl is loaded Successfully
2026-09-03 12:17:35,834 |INFO | app | accuracy.pkl is loaded Successfully
2026-09-03 12:17:35,939 |INFO | app | Model is shotdown
2026-09-03 12:17:38,711 |INFO | app | Checking ML model file | path=ml/saved_model/iris_pipeline.pkl
2026-09-03 12:17:41,071 |INFO | app | Model.pkl is loaded Successfully
2026-09-03 12:17:41,072 |INFO | app | accuracy.pkl is loaded Successfully
2026-09-03 12:17:41,082 |INFO | app | Request Recived |request_id=88c2a9c9-b021-493b-91cc-9c8d96e8e66b |method=GET |path=/api/v1/model-info 
2026-09-03 12:17:41,228 |INFO | app | Response Sent |request_id=88c2a9c9-b021-493b-91cc-9c8d96e8e66b |request_method=GET |path=/api/v1/model-info |response_time=0.146496000001207 
2026-09-03 12:18:13,118 |INFO | app | Model is shotdown
2026-09-03 12:18:23,721 |INFO | app | Checking ML model file | path=ml/saved_model/iris_pipeline.pkl
2026-09-03 12:18:25,802 |INFO | app | Model.pkl is loaded Successfully
2026-09-03 12:18:25,802 |INFO | app | accuracy.pkl is loaded Successfully
2026-09-03 12:18:25,919 |INFO | app | Model is shotdown
2026-09-03 12:18:33,472 |INFO | app | Checking ML model file | path=ml/saved_model/iris_pipeline.pkl
2026-09-03 12:18:36,296 |INFO | app | Model.pkl is loaded Successfully
2026-09-03 12:18:36,297 |INFO | app | accuracy.pkl is loaded Successfully
2026-09-03 12:18:42,974 |INFO | app | Request Recived |request_id=dd456be2-7238-41e8-8a31-444669e62e5a |method=GET |path=/api/v1/model-info 
2026-09-03 12:18:53,125 |INFO | app | Model is shotdown
2026-09-03 12:18:57,143 |INFO | app | Checking ML model file | path=ml/saved_model/iris_pipeline.pkl
2026-09-03 12:18:59,642 |INFO | app | Model.pkl is loaded Successfully
2026-09-03 12:18:59,643 |INFO | app | accuracy.pkl is loaded Successfully
2026-09-03 12:18:59,650 |INFO | app | Request Recived |request_id=0c33bd05-ee06-429b-b9ef-2fc1380eb7ff |method=GET |path=/api/v1/model-info 
2026-09-03 12:18:59,666 |INFO | app | Response Sent |request_id=0c33bd05-ee06-429b-b9ef-2fc1380eb7ff |request_method=GET |path=/api/v1/model-info |response_time=0.016477399971336126 
2026-09-03 12:20:34,627 |INFO | app | Model is shotdown
2026-09-03 12:20:37,716 |INFO | app | Checking ML model file | path=ml/saved_model/iris_pipeline.pkl
2026-09-03 12:20:40,383 |INFO | app | Model.pkl is loaded Successfully
2026-09-03 12:20:40,383 |INFO | app | accuracy.pkl is loaded Successfully
2026-09-03 12:20:40,499 |INFO | app | Model is shotdown
2026-09-03 12:20:43,527 |INFO | app | Checking ML model file | path=ml/saved_model/iris_pipeline.pkl
2026-09-03 12:20:46,105 |INFO | app | Model.pkl is loaded Successfully
2026-09-03 12:20:46,106 |INFO | app | accuracy.pkl is loaded Successfully
2026-09-03 12:20:46,117 |INFO | app | Request Recived |request_id=f94a7334-dee3-4ad7-a239-7db8e3d4aa11 |method=GET |path=/api/v1/model-info 
2026-09-03 12:20:46,133 |INFO | app | Response Sent |request_id=f94a7334-dee3-4ad7-a239-7db8e3d4aa11 |request_method=GET |path=/api/v1/model-info |response_time=0.01652920013293624 
2026-09-03 12:21:06,229 |INFO | app | Model is shotdown
2026-09-03 12:21:12,730 |INFO | app | Checking ML model file | path=ml/saved_model/iris_pipeline.pkl
2026-09-03 12:21:15,324 |INFO | app | Model.pkl is loaded Successfully
2026-09-03 12:21:15,324 |INFO | app | accuracy.pkl is loaded Successfully
2026-09-03 12:21:15,428 |INFO | app | Model is shotdown
2026-09-03 12:21:18,145 |INFO | app | Checking ML model file | path=ml/saved_model/iris_pipeline.pkl
2026-09-03 12:21:21,433 |INFO | app | Model.pkl is loaded Successfully
2026-09-03 12:21:21,434 |INFO | app | accuracy.pkl is loaded Successfully
2026-09-03 12:21:21,441 |INFO | app | Request Recived |request_id=dac14057-bbd9-4b5d-90ad-09baed8193ef |method=GET |path=/api/v1/model-info 
2026-09-03 12:21:32,246 |INFO | app | Model is shotdown
2026-09-03 12:21:35,255 |INFO | app | Checking ML model file | path=ml/saved_model/iris_pipeline.pkl
2026-09-03 12:21:37,660 |INFO | app | Model.pkl is loaded Successfully
2026-09-03 12:21:37,661 |INFO | app | accuracy.pkl is loaded Successfully
2026-09-03 12:21:40,826 |INFO | app | Request Recived |request_id=e599c59a-779a-4666-9cc7-ea8cf8f05ac5 |method=GET |path=/api/v1/model-info 
2026-09-03 12:21:40,839 |INFO | app | Response Sent |request_id=e599c59a-779a-4666-9cc7-ea8cf8f05ac5 |request_method=GET |path=/api/v1/model-info |response_time=0.012808900093659759 
2026-09-03 12:21:53,063 |INFO | app | Model is shotdown
2026-09-03 12:22:03,666 |INFO | app | Checking ML model file | path=ml/saved_model/iris_pipeline.pkl
2026-09-03 12:22:06,282 |INFO | app | Model.pkl is loaded Successfully
2026-09-03 12:22:06,283 |INFO | app | accuracy.pkl is loaded Successfully
2026-09-03 12:22:06,400 |INFO | app | Model is shotdown
2026-09-03 12:22:09,106 |INFO | app | Checking ML model file | path=ml/saved_model/iris_pipeline.pkl
2026-09-03 12:22:11,981 |INFO | app | Model.pkl is loaded Successfully
2026-09-03 12:22:11,982 |INFO | app | accuracy.pkl is loaded Successfully
2026-09-03 12:22:14,342 |INFO | app | Request Recived |request_id=673ab944-27b2-4e42-bf32-225f08ca419c |method=GET |path=/api/v1/model-info 
2026-09-03 12:22:14,357 |INFO | app | Response Sent |request_id=673ab944-27b2-4e42-bf32-225f08ca419c |request_method=GET |path=/api/v1/model-info |response_time=0.015752300154417753 
2026-09-03 12:23:33,672 |INFO | app | Model is shotdown
2026-09-03 12:23:49,492 |INFO | app | Checking ML model file | path=ml/saved_model/iris_pipeline.pkl
2026-09-03 12:23:51,806 |INFO | app | Model.pkl is loaded Successfully
2026-09-03 12:23:51,808 |INFO | app | accuracy.pkl is loaded Successfully
2026-09-03 12:23:51,921 |INFO | app | Model is shotdown
2026-09-03 12:23:54,716 |INFO | app | Checking ML model file | path=ml/saved_model/iris_pipeline.pkl
2026-09-03 12:23:57,582 |INFO | app | Model.pkl is loaded Successfully
2026-09-03 12:23:57,582 |INFO | app | accuracy.pkl is loaded Successfully
2026-09-03 12:23:57,592 |INFO | app | Request Recived |request_id=fe130c31-e548-4eee-953d-149a6938a1ae |method=GET |path=/api/v1/model-info 
2026-09-03 12:24:13,171 |INFO | app | Model is shotdown
2026-09-03 12:24:16,673 |INFO | app | Checking ML model file | path=ml/saved_model/iris_pipeline.pkl
2026-09-03 12:24:18,985 |INFO | app | Model.pkl is loaded Successfully
2026-09-03 12:24:18,986 |INFO | app | accuracy.pkl is loaded Successfully
2026-09-03 12:24:19,102 |INFO | app | Model is shotdown
2026-09-03 12:24:22,266 |INFO | app | Checking ML model file | path=ml/saved_model/iris_pipeline.pkl
2026-09-03 12:24:24,680 |INFO | app | Model.pkl is loaded Successfully
2026-09-03 12:24:24,680 |INFO | app | accuracy.pkl is loaded Successfully
2026-09-03 12:24:24,691 |INFO | app | Request Recived |request_id=527e712a-0dcf-4744-b7a8-850b18068062 |method=GET |path=/api/v1/model-info 
2026-09-03 12:24:24,710 |INFO | app | Response Sent |request_id=527e712a-0dcf-4744-b7a8-850b18068062 |request_method=GET |path=/api/v1/model-info |response_time=0.019214000087231398 
2026-09-03 12:26:23,881 |INFO | app | Model is shotdown
2026-09-03 12:26:27,048 |INFO | app | Checking ML model file | path=ml/saved_model/iris_pipeline.pkl
2026-09-03 12:26:31,008 |INFO | app | Model.pkl is loaded Successfully
2026-09-03 12:26:31,008 |INFO | app | accuracy.pkl is loaded Successfully
2026-09-03 12:26:31,552 |INFO | app | Model is shotdown
2026-09-03 12:26:34,958 |INFO | app | Checking ML model file | path=ml/saved_model/iris_pipeline.pkl
2026-09-03 12:26:38,816 |INFO | app | Model.pkl is loaded Successfully
2026-09-03 12:26:38,817 |INFO | app | accuracy.pkl is loaded Successfully
2026-09-03 12:26:38,922 |INFO | app | Model is shotdown
2026-09-03 12:26:42,941 |INFO | app | Checking ML model file | path=ml/saved_model/iris_pipeline.pkl
2026-09-03 12:26:45,257 |INFO | app | Model.pkl is loaded Successfully
2026-09-03 12:26:45,258 |INFO | app | accuracy.pkl is loaded Successfully
2026-09-03 12:26:45,364 |INFO | app | Model is shotdown
2026-09-03 12:26:50,419 |INFO | app | Checking ML model file | path=ml/saved_model/iris_pipeline.pkl
2026-09-03 12:26:53,677 |INFO | app | Model.pkl is loaded Successfully
2026-09-03 12:26:53,677 |INFO | app | accuracy.pkl is loaded Successfully
2026-09-03 12:26:53,716 |INFO | app | Request Recived |request_id=af26d6b8-36a6-4284-8efa-fca681d0dd67 |method=GET |path=/api/v1/model-info 
2026-09-03 12:26:53,727 |INFO | app | Response Sent |request_id=af26d6b8-36a6-4284-8efa-fca681d0dd67 |request_method=GET |path=/api/v1/model-info |response_time=0.0117511001881212 
2026-09-03 12:27:25,489 |INFO | app | Request Recived |request_id=4c451db3-9875-404f-b126-f4a8236d4510 |method=GET |path=/api/v1/model-info 
2026-09-03 12:27:25,491 |INFO | app | Response Sent |request_id=4c451db3-9875-404f-b126-f4a8236d4510 |request_method=GET |path=/api/v1/model-info |response_time=0.0021383001003414392 
2026-09-03 12:27:28,027 |INFO | app | Request Recived |request_id=9eacb65a-8816-472f-89ff-7546119a057b |method=GET |path=/api/v1/model-info 
2026-09-03 12:27:28,032 |INFO | app | Response Sent |request_id=9eacb65a-8816-472f-89ff-7546119a057b |request_method=GET |path=/api/v1/model-info |response_time=0.004442600067704916 
2026-09-03 12:27:41,090 |INFO | app | Request Recived |request_id=f6a50306-d2b4-46a8-8c22-6a998e00aadc |method=GET |path=/api/v1/model-info 
2026-09-03 12:27:41,092 |INFO | app | Response Sent |request_id=f6a50306-d2b4-46a8-8c22-6a998e00aadc |request_method=GET |path=/api/v1/model-info |response_time=0.002035300014540553 
2026-09-03 12:28:25,202 |INFO | app | Request Recived |request_id=eef7aaa3-9730-4a98-8ce6-f8cc2c87ebea |method=GET |path=/api/v1/model-info 
2026-09-03 12:28:25,204 |INFO | app | Response Sent |request_id=eef7aaa3-9730-4a98-8ce6-f8cc2c87ebea |request_method=GET |path=/api/v1/model-info |response_time=0.002285199938341975 
2026-09-03 12:28:28,357 |INFO | app | Request Recived |request_id=e477ae56-c3ad-48d7-9e62-7e3157651c4f |method=GET |path=/api/v1/model-info 
2026-09-03 12:28:28,360 |INFO | app | Response Sent |request_id=e477ae56-c3ad-48d7-9e62-7e3157651c4f |request_method=GET |path=/api/v1/model-info |response_time=0.0022277000825852156 
2026-09-03 12:28:33,842 |INFO | app | Model is shotdown
2026-09-03 12:28:38,854 |INFO | app | Checking ML model file | path=ml/saved_model/iris_pipeline.pkl
2026-09-03 12:28:41,374 |INFO | app | Model.pkl is loaded Successfully
2026-09-03 12:28:41,377 |INFO | app | accuracy.pkl is loaded Successfully
2026-09-03 12:28:46,947 |INFO | app | Request Recived |request_id=333b1943-7eae-495a-906e-a513dbb0c889 |method=GET |path=/api/v1/model-info 
2026-09-03 12:28:46,961 |INFO | app | Response Sent |request_id=333b1943-7eae-495a-906e-a513dbb0c889 |request_method=GET |path=/api/v1/model-info |response_time=0.013163499999791384 
2026-09-03 12:28:51,534 |INFO | app | Request Recived |request_id=05d3f059-8540-4cdd-bdf4-b57c4538d6f4 |method=GET |path=/api/v1/model-info 
2026-09-03 12:28:51,537 |INFO | app | Response Sent |request_id=05d3f059-8540-4cdd-bdf4-b57c4538d6f4 |request_method=GET |path=/api/v1/model-info |response_time=0.0027338999789208174 
2026-09-03 12:30:35,570 |INFO | app | Model is shotdown
2026-09-03 12:30:43,570 |INFO | app | Checking ML model file | path=ml/saved_model/iris_pipeline.pkl
2026-09-03 12:30:49,630 |INFO | app | Model.pkl is loaded Successfully
2026-09-03 12:30:49,631 |INFO | app | accuracy.pkl is loaded Successfully
2026-09-03 12:30:49,744 |INFO | app | Model is shotdown
2026-09-03 12:30:53,661 |INFO | app | Checking ML model file | path=ml/saved_model/iris_pipeline.pkl
2026-09-03 12:30:56,613 |INFO | app | Model.pkl is loaded Successfully
2026-09-03 12:30:56,614 |INFO | app | accuracy.pkl is loaded Successfully
2026-09-03 12:30:56,714 |INFO | app | Request Recived |request_id=773f02b4-3862-4585-9e99-60c1e7956e06 |method=GET |path=/api/v1/model-info 
2026-09-03 12:30:56,730 |INFO | app | Response Sent |request_id=773f02b4-3862-4585-9e99-60c1e7956e06 |request_method=GET |path=/api/v1/model-info |response_time=0.016433800105005503 
2026-09-03 12:31:04,780 |INFO | app | Request Recived |request_id=0e34fe94-202a-4ba0-90f6-52a33123e0a3 |method=GET |path=/api/v1/model-info 
2026-09-03 12:31:04,784 |INFO | app | Response Sent |request_id=0e34fe94-202a-4ba0-90f6-52a33123e0a3 |request_method=GET |path=/api/v1/model-info |response_time=0.003914500121027231 
2026-09-03 12:31:17,906 |INFO | app | Model is shotdown
2026-09-03 12:31:35,942 |INFO | app | Checking ML model file | path=ml/saved_model/iris_pipeline.pkl
2026-09-03 12:31:39,394 |INFO | app | Model.pkl is loaded Successfully
2026-09-03 12:31:39,394 |INFO | app | accuracy.pkl is loaded Successfully
2026-09-03 12:31:39,499 |INFO | app | Model is shotdown
2026-09-03 12:31:43,360 |INFO | app | Checking ML model file | path=ml/saved_model/iris_pipeline.pkl
2026-09-03 12:31:46,552 |INFO | app | Model.pkl is loaded Successfully
2026-09-03 12:31:46,552 |INFO | app | accuracy.pkl is loaded Successfully
2026-09-03 12:32:51,779 |INFO | app | Model is shotdown
2026-09-03 12:33:01,562 |INFO | app | Checking ML model file | path=ml/saved_model/iris_pipeline.pkl
2026-09-03 12:33:07,003 |INFO | app | Model.pkl is loaded Successfully
2026-09-03 12:33:07,004 |INFO | app | accuracy.pkl is loaded Successfully
2026-09-03 12:33:07,107 |INFO | app | Model is shotdown
2026-09-03 12:33:10,268 |INFO | app | Checking ML model file | path=ml/saved_model/iris_pipeline.pkl
2026-09-03 12:33:12,797 |INFO | app | Model.pkl is loaded Successfully
2026-09-03 12:33:12,798 |INFO | app | accuracy.pkl is loaded Successfully
2026-09-03 12:33:15,428 |INFO | app | Request Recived |request_id=dfbcc744-b14b-4b5a-a308-a6ab06daf83b |method=GET |path=/api/v1/model-info 
2026-09-03 12:33:30,015 |INFO | app | Model is shotdown
2026-09-03 12:33:48,281 |INFO | app | Checking ML model file | path=ml/saved_model/iris_pipeline.pkl
2026-09-03 12:33:50,662 |INFO | app | Model.pkl is loaded Successfully
2026-09-03 12:33:50,662 |INFO | app | accuracy.pkl is loaded Successfully
2026-09-03 12:33:50,778 |INFO | app | Model is shotdown
2026-09-03 12:33:54,913 |INFO | app | Checking ML model file | path=ml/saved_model/iris_pipeline.pkl
2026-09-03 12:33:58,803 |INFO | app | Model.pkl is loaded Successfully
2026-09-03 12:33:58,806 |INFO | app | accuracy.pkl is loaded Successfully
2026-09-03 12:33:58,839 |INFO | app | Request Recived |request_id=14701b42-5fab-43b9-94d1-ea539a36e5c8 |method=GET |path=/api/v1/model-info 
2026-09-03 12:34:27,471 |INFO | app | Model is shotdown
2026-09-03 12:34:31,250 |INFO | app | Checking ML model file | path=ml/saved_model/iris_pipeline.pkl
2026-09-03 12:34:33,685 |INFO | app | Model.pkl is loaded Successfully
2026-09-03 12:34:33,685 |INFO | app | accuracy.pkl is loaded Successfully
2026-09-03 12:34:39,168 |INFO | app | Request Recived |request_id=16e18d95-91da-425d-af9c-cabb95fb2402 |method=GET |path=/api/v1/model-info 
2026-09-03 12:34:39,335 |INFO | app | Response Sent |request_id=16e18d95-91da-425d-af9c-cabb95fb2402 |request_method=GET |path=/api/v1/model-info |response_time=0.1673962001223117 
2026-09-03 12:34:49,742 |INFO | app | Model is shotdown
2026-09-03 12:34:53,415 |INFO | app | Checking ML model file | path=ml/saved_model/iris_pipeline.pkl
2026-09-03 12:34:56,160 |INFO | app | Model.pkl is loaded Successfully
2026-09-03 12:34:56,161 |INFO | app | accuracy.pkl is loaded Successfully
2026-09-03 12:34:56,276 |INFO | app | Model is shotdown
2026-09-03 12:34:58,652 |INFO | app | Checking ML model file | path=ml/saved_model/iris_pipeline.pkl
2026-09-03 12:35:00,791 |INFO | app | Model.pkl is loaded Successfully
2026-09-03 12:35:00,791 |INFO | app | accuracy.pkl is loaded Successfully
2026-09-03 12:35:04,656 |INFO | app | Request Recived |request_id=6edc4ae1-f4c5-47f4-99f5-9094ccf6b00e |method=GET |path=/api/v1/model-info 
2026-09-03 12:35:04,672 |INFO | app | Response Sent |request_id=6edc4ae1-f4c5-47f4-99f5-9094ccf6b00e |request_method=GET |path=/api/v1/model-info |response_time=0.015914199873805046 
2026-09-03 12:36:00,404 |INFO | app | Model is shotdown
2026-09-03 12:36:04,583 |INFO | app | Checking ML model file | path=ml/saved_model/iris_pipeline.pkl
2026-09-03 12:36:07,272 |INFO | app | Model.pkl is loaded Successfully
2026-09-03 12:36:07,272 |INFO | app | accuracy.pkl is loaded Successfully
2026-09-03 12:36:07,387 |INFO | app | Model is shotdown
2026-09-03 12:36:33,833 |INFO | app | Checking ML model file | path=ml/saved_model/iris_pipeline.pkl
2026-09-03 12:36:37,047 |INFO | app | Model.pkl is loaded Successfully
2026-09-03 12:36:37,048 |INFO | app | accuracy.pkl is loaded Successfully
2026-09-03 12:36:37,161 |INFO | app | Model is shotdown
2026-09-03 12:36:40,257 |INFO | app | Checking ML model file | path=ml/saved_model/iris_pipeline.pkl
2026-09-03 12:36:42,731 |INFO | app | Model.pkl is loaded Successfully
2026-09-03 12:36:42,732 |INFO | app | accuracy.pkl is loaded Successfully
2026-09-03 12:36:43,370 |INFO | app | Model is shotdown
2026-09-03 12:36:46,189 |INFO | app | Checking ML model file | path=ml/saved_model/iris_pipeline.pkl
2026-09-03 12:36:48,499 |INFO | app | Model.pkl is loaded Successfully
2026-09-03 12:36:48,500 |INFO | app | accuracy.pkl is loaded Successfully
2026-09-03 12:36:50,918 |INFO | app | Request Recived |request_id=08f37b5e-4c32-4f91-b603-b807a972cddf |method=GET |path=/api/v1/model-info 
2026-09-03 12:36:50,930 |INFO | app | Response Sent |request_id=08f37b5e-4c32-4f91-b603-b807a972cddf |request_method=GET |path=/api/v1/model-info |response_time=0.012719899881631136 
2026-09-03 12:37:12,651 |INFO | app | Model is shotdown
2026-09-03 12:37:17,731 |INFO | app | Checking ML model file | path=ml/saved_model/iris_pipeline.pkl
2026-09-03 12:37:19,900 |INFO | app | Model.pkl is loaded Successfully
2026-09-03 12:37:19,901 |INFO | app | accuracy.pkl is loaded Successfully
2026-09-03 12:37:20,017 |INFO | app | Model is shotdown
2026-09-03 12:37:22,607 |INFO | app | Checking ML model file | path=ml/saved_model/iris_pipeline.pkl
2026-09-03 12:37:24,605 |INFO | app | Model.pkl is loaded Successfully
2026-09-03 12:37:24,606 |INFO | app | accuracy.pkl is loaded Successfully
2026-09-03 12:37:27,108 |INFO | app | Request Recived |request_id=73f56447-bb50-43c2-83e2-1db85802e9c9 |method=GET |path=/api/v1/model-info 
2026-09-03 12:37:27,122 |INFO | app | Response Sent |request_id=73f56447-bb50-43c2-83e2-1db85802e9c9 |request_method=GET |path=/api/v1/model-info |response_time=0.01371499989181757 
2026-09-03 12:37:48,634 |INFO | app | Model is shotdown
2026-09-03 12:37:52,757 |INFO | app | Checking ML model file | path=ml/saved_model/iris_pipeline.pkl
2026-09-03 12:37:55,161 |INFO | app | Model.pkl is loaded Successfully
2026-09-03 12:37:55,163 |INFO | app | accuracy.pkl is loaded Successfully
2026-09-03 12:37:55,267 |INFO | app | Model is shotdown
2026-09-03 12:37:58,476 |INFO | app | Checking ML model file | path=ml/saved_model/iris_pipeline.pkl
2026-09-03 12:38:00,769 |INFO | app | Model.pkl is loaded Successfully
2026-09-03 12:38:00,770 |INFO | app | accuracy.pkl is loaded Successfully
2026-09-03 12:38:03,720 |INFO | app | Request Recived |request_id=a938de5f-db99-444c-a1f9-896a9c00557d |method=GET |path=/api/v1/model-info 
2026-09-03 12:38:13,201 |INFO | app | Model is shotdown
2026-09-03 12:38:15,956 |INFO | app | Checking ML model file | path=ml/saved_model/iris_pipeline.pkl
2026-09-03 12:38:18,453 |INFO | app | Model.pkl is loaded Successfully
2026-09-03 12:38:18,453 |INFO | app | accuracy.pkl is loaded Successfully
2026-09-03 12:39:35,647 |INFO | app | Model is shotdown
2026-09-03 12:39:38,429 |INFO | app | Checking ML model file | path=ml/saved_model/iris_pipeline.pkl
2026-09-03 12:39:40,688 |INFO | app | Model.pkl is loaded Successfully
2026-09-03 12:39:40,689 |INFO | app | accuracy.pkl is loaded Successfully
2026-09-03 12:39:48,854 |INFO | app | Request Recived |request_id=572de880-4a8d-4c85-b66b-07940fd0bf33 |method=GET |path=/api/v1/model-info 
2026-09-03 12:39:48,875 |INFO | app | Response Sent |request_id=572de880-4a8d-4c85-b66b-07940fd0bf33 |request_method=GET |path=/api/v1/model-info |response_time=0.020737600047141314 
2026-09-03 12:40:35,093 |INFO | app | Model is shotdown
2026-09-03 12:40:37,616 |INFO | app | Checking ML model file | path=ml/saved_model/iris_pipeline.pkl
2026-09-03 12:40:40,216 |INFO | app | Model.pkl is loaded Successfully
2026-09-03 12:40:40,216 |INFO | app | accuracy.pkl is loaded Successfully
2026-09-03 12:40:44,751 |INFO | app | Request Recived |request_id=18cba2b5-41e0-4a15-bfb3-6f24d9484cf5 |method=GET |path=/api/v1/model-info 
2026-09-03 12:40:59,039 |INFO | app | Model is shotdown
2026-09-03 12:41:10,028 |INFO | app | Checking ML model file | path=ml/saved_model/iris_pipeline.pkl
2026-09-03 12:41:13,313 |INFO | app | Model.pkl is loaded Successfully
2026-09-03 12:41:13,313 |INFO | app | accuracy.pkl is loaded Successfully
2026-09-03 12:41:13,420 |INFO | app | Model is shotdown
2026-09-03 12:41:16,840 |INFO | app | Checking ML model file | path=ml/saved_model/iris_pipeline.pkl
2026-09-03 12:41:19,661 |INFO | app | Model.pkl is loaded Successfully
2026-09-03 12:41:19,674 |INFO | app | accuracy.pkl is loaded Successfully
2026-09-03 12:41:25,808 |INFO | app | Model is shotdown
2026-09-03 12:41:29,385 |INFO | app | Checking ML model file | path=ml/saved_model/iris_pipeline.pkl
2026-09-03 12:44:20,901 |INFO | app | Checking ML model file | path=ml/saved_model/iris_pipeline.pkl
2026-09-03 12:45:01,193 |INFO | app | Checking ML model file | path=ml/saved_model/iris_pipeline.pkl
2026-09-03 12:45:07,197 |INFO | app | Checking ML model file | path=ml/saved_model/iris_pipeline.pkl
2026-09-03 12:45:34,798 |INFO | app | Checking ML model file | path=ml/saved_model/iris_pipeline.pkl
2026-09-03 12:45:40,750 |INFO | app | Checking ML model file | path=ml/saved_model/iris_pipeline.pkl
2026-09-03 12:45:43,188 |INFO | app | Model.pkl is loaded Successfully
2026-09-03 12:45:43,191 |INFO | app | accuracy.pkl is loaded Successfully
2026-09-03 12:45:48,072 |INFO | app | Request Recived |request_id=5b49f436-bdb5-4a9c-baef-86cc17be227f |method=GET |path=/api/v1/model-info 
2026-09-03 12:45:58,861 |INFO | app | Model is shotdown
2026-09-03 12:46:01,364 |INFO | app | Checking ML model file | path=ml/saved_model/iris_pipeline.pkl
2026-09-03 12:46:04,318 |INFO | app | Model.pkl is loaded Successfully
2026-09-03 12:46:04,319 |INFO | app | accuracy.pkl is loaded Successfully
2026-09-03 12:46:05,758 |INFO | app | Request Recived |request_id=717a39b0-8e8b-4770-8d0e-03f81296fa37 |method=GET |path=/api/v1/model-info 
2026-09-03 12:46:06,971 |INFO | app | Response Sent |request_id=717a39b0-8e8b-4770-8d0e-03f81296fa37 |request_method=GET |path=/api/v1/model-info |response_time=1.213800699915737 
2026-09-03 12:48:18,337 |INFO | app | Model is shotdown
2026-09-03 12:48:51,075 |INFO | app | Checking ML model file | path=ml/saved_model/iris_pipeline.pkl
2026-09-03 12:48:54,133 |INFO | app | Model.pkl is loaded Successfully
2026-09-03 12:48:54,134 |INFO | app | accuracy.pkl is loaded Successfully
2026-09-03 12:48:54,351 |INFO | app | Model is shotdown
2026-09-03 12:48:58,536 |INFO | app | Checking ML model file | path=ml/saved_model/iris_pipeline.pkl
2026-09-03 12:49:00,832 |INFO | app | Model.pkl is loaded Successfully
2026-09-03 12:49:00,834 |INFO | app | accuracy.pkl is loaded Successfully
2026-09-03 12:49:00,945 |INFO | app | Model is shotdown
2026-09-03 12:49:04,470 |INFO | app | Checking ML model file | path=ml/saved_model/iris_pipeline.pkl
2026-09-03 12:49:07,775 |INFO | app | Model.pkl is loaded Successfully
2026-09-03 12:49:07,775 |INFO | app | accuracy.pkl is loaded Successfully
2026-09-03 12:49:14,502 |INFO | app | Request Recived |request_id=116fc254-c767-4a1c-8830-200e0e44a3a3 |method=GET |path=/api/v1/model-info 
2026-09-03 12:49:27,155 |INFO | app | Model is shotdown
2026-09-03 12:49:30,599 |INFO | app | Checking ML model file | path=ml/saved_model/iris_pipeline.pkl
2026-09-03 12:49:32,925 |INFO | app | Model.pkl is loaded Successfully
2026-09-03 12:49:32,925 |INFO | app | accuracy.pkl is loaded Successfully
2026-09-03 12:49:33,035 |INFO | app | Model is shotdown
2026-09-03 12:49:36,063 |INFO | app | Checking ML model file | path=ml/saved_model/iris_pipeline.pkl
2026-09-03 12:49:38,504 |INFO | app | Model.pkl is loaded Successfully
2026-09-03 12:49:38,505 |INFO | app | accuracy.pkl is loaded Successfully
2026-09-03 12:49:44,916 |INFO | app | Model is shotdown
2026-09-03 12:49:48,251 |INFO | app | Checking ML model file | path=ml/saved_model/iris_pipeline.pkl
2026-09-03 12:49:51,327 |INFO | app | Model.pkl is loaded Successfully
2026-09-03 12:49:51,328 |INFO | app | accuracy.pkl is loaded Successfully
2026-09-03 12:49:51,434 |INFO | app | Model is shotdown
2026-09-03 12:49:54,272 |INFO | app | Checking ML model file | path=ml/saved_model/iris_pipeline.pkl
2026-09-03 12:49:56,765 |INFO | app | Model.pkl is loaded Successfully
2026-09-03 12:49:56,766 |INFO | app | accuracy.pkl is loaded Successfully
2026-09-03 12:49:59,626 |INFO | app | Request Recived |request_id=dd137875-18a6-45f0-b812-d759624a0081 |method=GET |path=/api/v1/model-info 
2026-09-03 12:50:07,202 |INFO | app | Model is shotdown
2026-09-03 12:50:10,356 |INFO | app | Checking ML model file | path=ml/saved_model/iris_pipeline.pkl
2026-09-03 12:50:13,394 |INFO | app | Model.pkl is loaded Successfully
2026-09-03 12:50:13,395 |INFO | app | accuracy.pkl is loaded Successfully
2026-09-03 12:50:13,414 |INFO | app | Request Recived |request_id=85877682-552d-445a-9d94-dfa2f7f2119c |method=GET |path=/api/v1/model-info 
2026-09-03 12:50:13,432 |INFO | app | Response Sent |request_id=85877682-552d-445a-9d94-dfa2f7f2119c |request_method=GET |path=/api/v1/model-info |response_time=0.02116760006174445 
2026-09-03 12:50:50,087 |INFO | app | Model is shotdown
2026-09-03 12:50:53,551 |INFO | app | Checking ML model file | path=ml/saved_model/iris_pipeline.pkl
2026-09-03 12:50:56,410 |INFO | app | Model.pkl is loaded Successfully
2026-09-03 12:50:56,410 |INFO | app | accuracy.pkl is loaded Successfully
2026-09-03 12:50:56,520 |INFO | app | Model is shotdown
2026-09-03 12:50:59,176 |INFO | app | Checking ML model file | path=ml/saved_model/iris_pipeline.pkl
2026-09-03 12:51:01,517 |INFO | app | Model.pkl is loaded Successfully
2026-09-03 12:51:01,518 |INFO | app | accuracy.pkl is loaded Successfully
2026-09-03 12:51:10,087 |INFO | app | Model is shotdown
2026-09-03 12:51:17,926 |INFO | app | Checking ML model file | path=ml/saved_model/iris_pipeline.pkl
2026-09-03 12:51:20,712 |INFO | app | Model.pkl is loaded Successfully
2026-09-03 12:51:20,712 |INFO | app | accuracy.pkl is loaded Successfully
2026-09-03 12:52:33,845 |INFO | app | Model is shotdown
2026-09-03 12:52:43,455 |INFO | app | Checking ML model file | path=ml/saved_model/iris_pipeline.pkl
2026-09-03 12:52:45,681 |INFO | app | Model.pkl is loaded Successfully
2026-09-03 12:52:45,681 |INFO | app | accuracy.pkl is loaded Successfully
2026-09-03 12:52:45,811 |INFO | app | Model is shotdown
2026-09-03 12:52:48,839 |INFO | app | Checking ML model file | path=ml/saved_model/iris_pipeline.pkl
2026-09-03 12:52:51,616 |INFO | app | Model.pkl is loaded Successfully
2026-09-03 12:52:51,617 |INFO | app | accuracy.pkl is loaded Successfully
2026-09-03 12:52:51,624 |INFO | app | Request Recived |request_id=8421d703-f4cf-49ae-81dd-3d3f978c0557 |method=GET |path=/api/v1/model-info 
2026-09-03 12:53:06,073 |INFO | app | Model is shotdown
2026-09-03 12:53:11,571 |INFO | app | Checking ML model file | path=ml/saved_model/iris_pipeline.pkl
2026-09-03 12:53:16,221 |INFO | app | Model.pkl is loaded Successfully
2026-09-03 12:53:16,225 |INFO | app | accuracy.pkl is loaded Successfully
2026-09-03 12:53:16,332 |INFO | app | Model is shotdown
2026-09-03 12:53:49,354 |INFO | app | Checking ML model file | path=ml/saved_model/iris_pipeline.pkl
2026-09-03 12:53:51,456 |INFO | app | Model.pkl is loaded Successfully
2026-09-03 12:53:51,456 |INFO | app | accuracy.pkl is loaded Successfully
2026-09-03 12:58:53,143 |INFO | app | Model is shotdown
2026-09-03 14:12:53,551 |INFO | app | Checking ML model file | path=ml/saved_model/iris_pipeline.pkl
2026-09-03 14:13:16,412 |INFO | app | Model.pkl is loaded Successfully
2026-09-03 14:13:16,428 |INFO | app | accuracy.pkl is loaded Successfully
2026-09-03 14:13:16,528 |INFO | app | Model is shotdown
2026-09-03 14:13:20,765 |INFO | app | Checking ML model file | path=ml/saved_model/iris_pipeline.pkl
2026-09-03 14:13:22,843 |INFO | app | Model.pkl is loaded Successfully
2026-09-03 14:13:22,843 |INFO | app | accuracy.pkl is loaded Successfully
2026-09-03 14:13:24,508 |INFO | app | Request Recived |request_id=981ab93f-4704-4b45-bc13-f34cbd491315 |method=GET |path=/docs 
2026-09-03 14:13:24,522 |INFO | app | Response Sent |request_id=981ab93f-4704-4b45-bc13-f34cbd491315 |request_method=GET |path=/docs |response_time=0.014095799997448921 
2026-09-03 14:13:24,824 |INFO | app | Request Recived |request_id=f91ecb6e-5c81-4bbf-a147-eaf9202e9153 |method=GET |path=/openapi.json 
2026-09-03 14:13:24,899 |INFO | app | Response Sent |request_id=f91ecb6e-5c81-4bbf-a147-eaf9202e9153 |request_method=GET |path=/openapi.json |response_time=0.07511759991757572 
2026-09-03 14:13:28,680 |INFO | app | Model is shotdown
2026-09-03 14:19:20,616 |INFO | app | Checking ML model file | path=ml/saved_model/iris_pipeline.pkl
2026-09-03 14:19:29,252 |INFO | app | Model.pkl is loaded Successfully
2026-09-03 14:19:29,252 |INFO | app | accuracy.pkl is loaded Successfully
2026-09-03 14:19:33,006 |INFO | app | Request Recived |request_id=15abbf82-6908-4281-b284-247c7cc7a0a5 |method=GET |path=/api/v1/health 
2026-09-03 14:19:33,028 |INFO | app | Response Sent |request_id=15abbf82-6908-4281-b284-247c7cc7a0a5 |request_method=GET |path=/api/v1/health |response_time=0.023300400003790855 
2026-09-03 14:19:35,625 |INFO | app | Request Recived |request_id=a874ea46-eb10-4f2c-a47c-580fa753407b |method=GET |path=/api/v1/health 
2026-09-03 14:19:35,631 |INFO | app | Response Sent |request_id=a874ea46-eb10-4f2c-a47c-580fa753407b |request_method=GET |path=/api/v1/health |response_time=0.002242499962449074 
2026-09-03 14:19:41,580 |INFO | app | Request Recived |request_id=2f2209c5-e146-4d9d-baca-0a4a339a7d2a |method=GET |path=/api/v1/model-info 
2026-09-03 14:19:41,688 |INFO | app | Response Sent |request_id=2f2209c5-e146-4d9d-baca-0a4a339a7d2a |request_method=GET |path=/api/v1/model-info |response_time=0.10982879996299744 
2026-09-03 14:20:16,711 |INFO | app | Model is shotdown
2026-09-03 14:20:20,117 |INFO | app | Checking ML model file | path=ml/saved_model/iris_pipeline.pkl
2026-09-03 14:20:22,551 |INFO | app | Model.pkl is loaded Successfully
2026-09-03 14:20:22,553 |INFO | app | accuracy.pkl is loaded Successfully
2026-09-03 14:20:28,212 |INFO | app | Request Recived |request_id=209b2bb1-d89a-494c-8b1f-16db5a3aa50b |method=POST |path=/api/v1/batch-prediction 
2026-09-03 14:20:28,670 |INFO | app | Response Sent |request_id=209b2bb1-d89a-494c-8b1f-16db5a3aa50b |request_method=POST |path=/api/v1/batch-prediction |response_time=0.46061259997077286 
2026-09-03 14:20:46,107 |INFO | app | Model is shotdown
2026-09-03 14:20:49,870 |INFO | app | Checking ML model file | path=ml/saved_model/iris_pipeline.pkl
2026-09-03 14:20:52,488 |INFO | app | Model.pkl is loaded Successfully
2026-09-03 14:20:52,488 |INFO | app | accuracy.pkl is loaded Successfully
2026-09-04 09:58:37,981 |INFO | app | Model is shotdown
2026-09-04 09:59:05,416 |INFO | app | Checking ML model file | path=ml/saved_model/iris_pipeline.pkl
2026-09-04 09:59:15,939 |INFO | app | Model.pkl is loaded Successfully
2026-09-04 09:59:15,939 |INFO | app | accuracy.pkl is loaded Successfully
2026-09-04 09:59:16,064 |INFO | app | Model is shotdown
2026-09-04 09:59:19,820 |INFO | app | Checking ML model file | path=ml/saved_model/iris_pipeline.pkl
2026-09-04 09:59:22,678 |INFO | app | Model.pkl is loaded Successfully
2026-09-04 09:59:22,678 |INFO | app | accuracy.pkl is loaded Successfully
2026-09-04 09:59:22,788 |INFO | app | Model is shotdown
2026-09-04 09:59:40,626 |INFO | app | Checking ML model file | path=ml/saved_model/iris_pipeline.pkl
2026-09-04 09:59:43,491 |INFO | app | Model.pkl is loaded Successfully
2026-09-04 09:59:43,491 |INFO | app | accuracy.pkl is loaded Successfully
2026-09-04 09:59:50,461 |INFO | app | Request Recived |request_id=7e019ce4-3344-40d9-bbfc-fa2eb7f1b1dd |method=POST |path=/api/v1/batch-prediction 
2026-09-04 09:59:50,541 |INFO | app | Response Sent |request_id=7e019ce4-3344-40d9-bbfc-fa2eb7f1b1dd |request_method=POST |path=/api/v1/batch-prediction |response_time=0.08039460005238652 
2026-09-04 10:00:03,713 |INFO | app | Request Recived |request_id=147d0d94-91a2-43d4-bd81-24105bd63663 |method=POST |path=/api/v1/batch-prediction 
2026-09-04 10:00:04,014 |INFO | app | Response Sent |request_id=147d0d94-91a2-43d4-bd81-24105bd63663 |request_method=POST |path=/api/v1/batch-prediction |response_time=0.30508029996417463 
2026-09-04 10:00:13,505 |INFO | app | Model is shotdown
2026-09-04 10:00:20,727 |INFO | app | Checking ML model file | path=ml/saved_model/iris_pipeline.pkl
2026-09-04 10:00:24,600 |INFO | app | Model.pkl is loaded Successfully
2026-09-04 10:00:24,600 |INFO | app | accuracy.pkl is loaded Successfully
2026-09-04 10:00:24,715 |INFO | app | Model is shotdown
2026-09-04 10:00:30,033 |INFO | app | Checking ML model file | path=ml/saved_model/iris_pipeline.pkl
2026-09-04 10:00:32,768 |INFO | app | Model.pkl is loaded Successfully
2026-09-04 10:00:32,768 |INFO | app | accuracy.pkl is loaded Successfully
2026-09-04 10:00:32,880 |INFO | app | Model is shotdown
2026-09-04 10:00:35,668 |INFO | app | Checking ML model file | path=ml/saved_model/iris_pipeline.pkl
2026-09-04 10:00:38,084 |INFO | app | Model.pkl is loaded Successfully
2026-09-04 10:00:38,086 |INFO | app | accuracy.pkl is loaded Successfully
2026-09-04 10:01:15,390 |INFO | app | Model is shotdown
2026-09-04 11:23:17,580 |INFO | app | Checking ML model file | path=ml/saved_model/iris_pipeline.pkl
2026-09-04 11:23:39,903 |INFO | app | Model.pkl is loaded Successfully
2026-09-04 11:23:39,983 |INFO | app | accuracy.pkl is loaded Successfully
2026-09-04 11:31:45,885 |INFO | app | Checking ML model file | path=ml/saved_model/iris_pipeline.pkl
2026-09-04 11:31:52,762 |INFO | app | Request Recived |request_id=7b8deb45-c1f3-4dea-912f-8acc20c4381b |method=POST |path=/api/v1/batch-prediction 
2026-09-04 11:31:53,318 |INFO | app | Model.pkl is loaded Successfully
2026-09-04 11:31:53,318 |INFO | app | accuracy.pkl is loaded Successfully
2026-09-04 11:31:54,119 |INFO | app | Response Sent |request_id=7b8deb45-c1f3-4dea-912f-8acc20c4381b |request_method=POST |path=/api/v1/batch-prediction |response_time=1.3809550001751631 
2026-09-04 11:35:34,662 |INFO | app | Model is shotdown
2026-09-04 11:35:34,745 |INFO | app | Model is shotdown
2026-09-04 11:35:40,364 |INFO | app | Checking ML model file | path=ml/saved_model/iris_pipeline.pkl
2026-09-04 11:35:40,583 |INFO | app | Checking ML model file | path=ml/saved_model/iris_pipeline.pkl
2026-09-04 11:35:47,285 |INFO | app | Model.pkl is loaded Successfully
2026-09-04 11:35:47,288 |INFO | app | accuracy.pkl is loaded Successfully
2026-09-04 11:35:47,285 |INFO | app | accuracy.pkl is loaded Successfully
2026-09-04 11:36:46,641 |INFO | app | Model is shotdown
2026-09-04 11:36:46,641 |INFO | app | Model is shotdown
2026-09-04 11:36:51,061 |INFO | app | Checking ML model file | path=ml/saved_model/iris_pipeline.pkl
2026-09-04 11:36:51,066 |INFO | app | Checking ML model file | path=ml/saved_model/iris_pipeline.pkl
2026-09-04 11:36:54,111 |INFO | app | Model.pkl is loaded Successfully
2026-09-04 11:36:54,121 |INFO | app | Model.pkl is loaded Successfully
2026-09-04 11:36:54,121 |INFO | app | accuracy.pkl is loaded Successfully
2026-09-04 11:36:54,121 |INFO | app | accuracy.pkl is loaded Successfully
2026-09-04 11:40:13,529 |INFO | app | Model is shotdown
2026-09-04 11:40:13,529 |INFO | app | Model is shotdown
2026-09-04 12:45:51,491 |INFO | app | Checking ML model file | path=ml/saved_model/iris_pipeline.pkl
2026-09-04 12:46:11,217 |INFO | app | Model.pkl is loaded Successfully
2026-09-04 12:46:11,218 |INFO | app | accuracy.pkl is loaded Successfully
2026-09-04 12:46:18,707 |INFO | app | Model is shotdown
2026-09-04 12:46:29,174 |INFO | app | Checking ML model file | path=ml/saved_model/iris_pipeline.pkl
2026-09-04 12:46:36,187 |INFO | app | Model.pkl is loaded Successfully
2026-09-04 12:46:36,195 |INFO | app | accuracy.pkl is loaded Successfully
2026-09-04 12:47:29,013 |INFO | app | Request Recived |request_id=6e77abaf-db01-4ffc-86b4-22719d9fffa2 |method=GET |path=/api/v1/ 
2026-09-04 12:47:29,025 |INFO | app | Response Sent |request_id=6e77abaf-db01-4ffc-86b4-22719d9fffa2 |request_method=GET |path=/api/v1/ |response_time=0.012956000166013837 
2026-09-04 12:49:35,625 |INFO | app | Model is shotdown
2026-09-04 12:49:45,265 |INFO | app | Checking ML model file | path=ml/saved_model/iris_pipeline.pkl
2026-09-04 12:49:54,876 |INFO | app | Model.pkl is loaded Successfully
2026-09-04 12:49:54,887 |INFO | app | accuracy.pkl is loaded Successfully
2026-09-04 12:49:55,001 |INFO | app | Model is shotdown
2026-09-04 12:50:01,237 |INFO | app | Checking ML model file | path=ml/saved_model/iris_pipeline.pkl
2026-09-04 12:50:04,755 |INFO | app | Model.pkl is loaded Successfully
2026-09-04 12:50:04,772 |INFO | app | accuracy.pkl is loaded Successfully
2026-09-04 12:50:28,899 |INFO | app | Model is shotdown
2026-09-04 12:50:32,540 |INFO | app | Checking ML model file | path=ml/saved_model/iris_pipeline.pkl
2026-09-04 12:50:35,978 |INFO | app | Model.pkl is loaded Successfully
2026-09-04 12:50:35,978 |INFO | app | accuracy.pkl is loaded Successfully
2026-09-04 12:50:36,085 |INFO | app | Model is shotdown
2026-09-04 12:50:39,459 |INFO | app | Checking ML model file | path=ml/saved_model/iris_pipeline.pkl
2026-09-04 12:50:42,196 |INFO | app | Model.pkl is loaded Successfully
2026-09-04 12:50:42,198 |INFO | app | accuracy.pkl is loaded Successfully
2026-09-04 12:52:01,243 |INFO | app | Model is shotdown
2026-09-04 12:52:07,885 |INFO | app | Checking ML model file | path=ml/saved_model/iris_pipeline.pkl
2026-09-04 12:52:11,648 |INFO | app | Model.pkl is loaded Successfully
2026-09-04 12:52:11,651 |INFO | app | accuracy.pkl is loaded Successfully
2026-09-04 12:52:24,912 |INFO | app | Model is shotdown
2026-09-04 12:52:31,866 |INFO | app | Checking ML model file | path=ml/saved_model/iris_pipeline.pkl
2026-09-04 12:52:34,974 |INFO | app | Model.pkl is loaded Successfully
2026-09-04 12:52:34,974 |INFO | app | accuracy.pkl is loaded Successfully
2026-09-04 12:52:42,061 |INFO | app | Model is shotdown
2026-09-04 12:52:46,831 |INFO | app | Checking ML model file | path=ml/saved_model/iris_pipeline.pkl
2026-09-04 12:52:49,619 |INFO | app | Model.pkl is loaded Successfully
2026-09-04 12:52:49,619 |INFO | app | accuracy.pkl is loaded Successfully
2026-09-04 12:52:51,643 |INFO | app | Model is shotdown
2026-09-04 12:52:54,931 |INFO | app | Checking ML model file | path=ml/saved_model/iris_pipeline.pkl
2026-09-04 12:52:59,154 |INFO | app | Model.pkl is loaded Successfully
2026-09-04 12:52:59,155 |INFO | app | accuracy.pkl is loaded Successfully
2026-09-04 12:52:59,259 |INFO | app | Model is shotdown
2026-09-04 12:59:11,380 |INFO | app | Checking ML model file | path=ml/saved_model/iris_pipeline.pkl
2026-09-04 12:59:20,014 |INFO | app | Model.pkl is loaded Successfully
2026-09-04 12:59:20,027 |INFO | app | accuracy.pkl is loaded Successfully
2026-09-04 12:59:34,476 |INFO | app | Request Recived |request_id=5330139e-b260-4fe0-9025-9422216f826c |method=POST |path=/api/v1/predict 
2026-09-04 12:59:34,913 |INFO | app | Response Sent |request_id=5330139e-b260-4fe0-9025-9422216f826c |request_method=POST |path=/api/v1/predict |response_time=0.4371523999143392 
2026-09-04 13:01:43,544 |INFO | app | Model is shotdown
2026-09-04 13:01:59,598 |INFO | app | Checking ML model file | path=ml/saved_model/iris_pipeline.pkl
2026-09-04 13:02:08,916 |INFO | app | Model.pkl is loaded Successfully
2026-09-04 13:02:08,926 |INFO | app | accuracy.pkl is loaded Successfully
2026-09-04 13:03:46,528 |INFO | app | Request Recived |request_id=206eba76-b5a4-4159-acfe-00b8161cd283 |method=POST |path=/api/v1/predict 
2026-09-04 13:03:47,101 |INFO | app | Response Sent |request_id=206eba76-b5a4-4159-acfe-00b8161cd283 |request_method=POST |path=/api/v1/predict |response_time=0.5722523999866098 
2026-09-04 13:05:27,570 |INFO | app | Model is shotdown
2026-09-04 13:05:39,246 |INFO | app | Checking ML model file | path=ml/saved_model/iris_pipeline.pkl
2026-09-04 13:05:48,470 |INFO | app | Model.pkl is loaded Successfully
2026-09-04 13:05:48,471 |INFO | app | accuracy.pkl is loaded Successfully
2026-09-04 13:05:48,580 |INFO | app | Model is shotdown
2026-09-04 13:05:52,923 |INFO | app | Checking ML model file | path=ml/saved_model/iris_pipeline.pkl
2026-09-04 13:05:57,316 |INFO | app | Model.pkl is loaded Successfully
2026-09-04 13:05:57,316 |INFO | app | accuracy.pkl is loaded Successfully
2026-09-04 13:05:57,335 |INFO | app | Request Recived |request_id=86b893fc-395f-42b0-b9bf-89ca608366c1 |method=POST |path=/api/v1/predict 
2026-09-04 13:05:57,493 |ERROR | app | Prediction error |request_id=86b893fc-395f-42b0-b9bf-89ca608366c1error='str' object has no attribute 'predict'
Traceback (most recent call last):
  File "D:\intewrn\ML-Model-Deployment-as-a-Monitored-REST-API\app\routes\v1.py", line 40, in predict
    result=request.app.state,"model".predict(input_data)
                             ^^^^^^^^^^^^^^^
AttributeError: 'str' object has no attribute 'predict'
2026-09-04 13:05:57,506 |INFO | app | Response Sent |request_id=86b893fc-395f-42b0-b9bf-89ca608366c1 |request_method=POST |path=/api/v1/predict |response_time=0.18423969997093081 
2026-09-04 13:06:11,991 |INFO | app | Request Recived |request_id=93003722-2f58-402c-bfcc-1ba39420c590 |method=POST |path=/api/v1/predict 
2026-09-04 13:06:11,994 |ERROR | app | Prediction error |request_id=93003722-2f58-402c-bfcc-1ba39420c590error='str' object has no attribute 'predict'
Traceback (most recent call last):
  File "D:\intewrn\ML-Model-Deployment-as-a-Monitored-REST-API\app\routes\v1.py", line 40, in predict
    result=request.app.state,"model".predict(input_data)
                             ^^^^^^^^^^^^^^^
AttributeError: 'str' object has no attribute 'predict'
2026-09-04 13:06:11,996 |INFO | app | Response Sent |request_id=93003722-2f58-402c-bfcc-1ba39420c590 |request_method=POST |path=/api/v1/predict |response_time=0.005168499890714884 
2026-09-04 13:06:28,044 |INFO | app | Model is shotdown
2026-09-04 13:06:36,616 |INFO | app | Checking ML model file | path=ml/saved_model/iris_pipeline.pkl
2026-09-04 13:06:42,793 |INFO | app | Model.pkl is loaded Successfully
2026-09-04 13:06:42,797 |INFO | app | accuracy.pkl is loaded Successfully
2026-09-04 13:06:42,908 |INFO | app | Model is shotdown
2026-09-04 13:06:45,738 |INFO | app | Checking ML model file | path=ml/saved_model/iris_pipeline.pkl
2026-09-04 13:06:49,828 |INFO | app | Model.pkl is loaded Successfully
2026-09-04 13:06:49,830 |INFO | app | accuracy.pkl is loaded Successfully
2026-09-04 13:06:51,833 |INFO | app | Model is shotdown
2026-09-04 13:06:56,895 |INFO | app | Checking ML model file | path=ml/saved_model/iris_pipeline.pkl
2026-09-04 13:07:01,015 |INFO | app | Model.pkl is loaded Successfully
2026-09-04 13:07:01,016 |INFO | app | accuracy.pkl is loaded Successfully
2026-09-04 13:07:01,124 |INFO | app | Model is shotdown
2026-09-04 13:07:04,945 |INFO | app | Checking ML model file | path=ml/saved_model/iris_pipeline.pkl
2026-09-04 13:07:08,473 |INFO | app | Model.pkl is loaded Successfully
2026-09-04 13:07:08,477 |INFO | app | accuracy.pkl is loaded Successfully
2026-09-04 13:07:08,589 |INFO | app | Model is shotdown
2026-09-04 13:07:13,091 |INFO | app | Checking ML model file | path=ml/saved_model/iris_pipeline.pkl
2026-09-04 13:07:16,704 |INFO | app | Model.pkl is loaded Successfully
2026-09-04 13:07:16,704 |INFO | app | accuracy.pkl is loaded Successfully
2026-09-04 13:07:20,874 |INFO | app | Model is shotdown
2026-09-04 13:07:25,382 |INFO | app | Checking ML model file | path=ml/saved_model/iris_pipeline.pkl
2026-09-04 13:07:28,698 |INFO | app | Model.pkl is loaded Successfully
2026-09-04 13:07:28,698 |INFO | app | accuracy.pkl is loaded Successfully
2026-09-04 13:07:28,808 |INFO | app | Model is shotdown
2026-09-04 13:07:32,176 |INFO | app | Checking ML model file | path=ml/saved_model/iris_pipeline.pkl
2026-09-04 13:07:34,811 |INFO | app | Model.pkl is loaded Successfully
2026-09-04 13:07:34,812 |INFO | app | accuracy.pkl is loaded Successfully
2026-09-04 13:07:38,750 |INFO | app | Request Recived |request_id=5b1f3835-26c2-4823-b77e-ce74450aacf5 |method=POST |path=/api/v1/predict 
2026-09-04 13:07:39,074 |INFO | app | Response Sent |request_id=5b1f3835-26c2-4823-b77e-ce74450aacf5 |request_method=POST |path=/api/v1/predict |response_time=0.3229772001504898 
2026-09-04 13:09:41,263 |INFO | app | Model is shotdown
2026-09-04 13:09:49,594 |INFO | app | Checking ML model file | path=ml/saved_model/iris_pipeline.pkl
2026-09-04 13:09:55,750 |INFO | app | Model.pkl is loaded Successfully
2026-09-04 13:09:55,752 |INFO | app | accuracy.pkl is loaded Successfully
2026-09-04 13:09:55,861 |INFO | app | Model is shotdown
2026-09-04 13:09:59,122 |INFO | app | Checking ML model file | path=ml/saved_model/iris_pipeline.pkl
2026-09-04 13:10:01,678 |INFO | app | Model.pkl is loaded Successfully
2026-09-04 13:10:01,678 |INFO | app | accuracy.pkl is loaded Successfully
2026-09-04 13:10:12,193 |INFO | app | Model is shotdown
2026-09-04 13:10:16,460 |INFO | app | Checking ML model file | path=ml/saved_model/iris_pipeline.pkl
2026-09-04 13:10:18,703 |INFO | app | Model.pkl is loaded Successfully
2026-09-04 13:10:18,705 |INFO | app | accuracy.pkl is loaded Successfully
2026-09-04 13:10:30,047 |INFO | app | Model is shotdown
2026-09-04 13:10:34,839 |INFO | app | Checking ML model file | path=ml/saved_model/iris_pipeline.pkl
2026-09-04 13:10:38,508 |INFO | app | Model.pkl is loaded Successfully
2026-09-04 13:10:38,509 |INFO | app | accuracy.pkl is loaded Successfully
2026-09-04 13:10:38,614 |INFO | app | Model is shotdown
2026-09-04 13:10:41,861 |INFO | app | Checking ML model file | path=ml/saved_model/iris_pipeline.pkl
2026-09-04 13:10:44,682 |INFO | app | Model.pkl is loaded Successfully
2026-09-04 13:10:44,682 |INFO | app | accuracy.pkl is loaded Successfully
2026-09-04 13:11:05,594 |INFO | app | Model is shotdown
2026-09-04 13:11:08,806 |INFO | app | Checking ML model file | path=ml/saved_model/iris_pipeline.pkl
2026-09-04 13:11:12,057 |INFO | app | Model.pkl is loaded Successfully
2026-09-04 13:11:12,057 |INFO | app | accuracy.pkl is loaded Successfully
2026-09-04 13:11:12,161 |INFO | app | Model is shotdown
2026-09-04 13:11:15,191 |INFO | app | Checking ML model file | path=ml/saved_model/iris_pipeline.pkl
2026-09-04 13:11:17,761 |INFO | app | Model.pkl is loaded Successfully
2026-09-04 13:11:17,761 |INFO | app | accuracy.pkl is loaded Successfully
2026-09-04 13:11:25,745 |INFO | app | Request Recived |request_id=05ec85f6-bbf0-42a9-813a-7a1aa15a66de |method=POST |path=/api/v1/predict 
2026-09-04 13:11:25,854 |ERROR | app | Prediction error |request_id=05ec85f6-bbf0-42a9-813a-7a1aa15a66deerror='APIRouter' object has no attribute 'state'
Traceback (most recent call last):
  File "D:\intewrn\ML-Model-Deployment-as-a-Monitored-REST-API\app\routes\v1.py", line 40, in predict
    model=router.state.model
          ^^^^^^^^^^^^
AttributeError: 'APIRouter' object has no attribute 'state'
2026-09-04 13:11:37,793 |INFO | app | Model is shotdown
2026-09-04 13:11:42,809 |INFO | app | Checking ML model file | path=ml/saved_model/iris_pipeline.pkl
2026-09-04 13:11:45,211 |INFO | app | Model.pkl is loaded Successfully
2026-09-04 13:11:45,212 |INFO | app | accuracy.pkl is loaded Successfully
2026-09-04 13:11:53,334 |INFO | app | Request Recived |request_id=a0daa354-5064-4cd3-9b3a-6297493cd6dd |method=POST |path=/api/v1/predict 
2026-09-04 13:11:53,343 |ERROR | app | Prediction error |request_id=a0daa354-5064-4cd3-9b3a-6297493cd6dderror='function' object has no attribute 'state'
Traceback (most recent call last):
  File "D:\intewrn\ML-Model-Deployment-as-a-Monitored-REST-API\app\routes\v1.py", line 40, in predict
    model=router.app.state.model
          ^^^^^^^^^^^^^^^^
AttributeError: 'function' object has no attribute 'state'
2026-09-04 13:12:11,764 |INFO | app | Model is shotdown
2026-09-04 13:12:15,490 |INFO | app | Checking ML model file | path=ml/saved_model/iris_pipeline.pkl
2026-09-04 13:12:19,233 |INFO | app | Model.pkl is loaded Successfully
2026-09-04 13:12:19,234 |INFO | app | accuracy.pkl is loaded Successfully
2026-09-04 13:12:27,601 |INFO | app | Model is shotdown
2026-09-04 13:12:38,161 |INFO | app | Checking ML model file | path=ml/saved_model/iris_pipeline.pkl
2026-09-04 13:12:45,735 |INFO | app | Model.pkl is loaded Successfully
2026-09-04 13:12:45,750 |INFO | app | accuracy.pkl is loaded Successfully
2026-09-04 13:12:45,859 |INFO | app | Model is shotdown
2026-09-04 13:14:48,666 |INFO | app | Checking ML model file | path=ml/saved_model/iris_pipeline.pkl
2026-09-04 13:14:56,222 |INFO | app | Model.pkl is loaded Successfully
2026-09-04 13:14:56,223 |INFO | app | accuracy.pkl is loaded Successfully
2026-09-04 13:17:30,157 |INFO | app | Model is shotdown
2026-09-04 13:17:37,271 |INFO | app | Checking ML model file | path=ml/saved_model/iris_pipeline.pkl
2026-09-04 13:17:43,609 |INFO | app | Model.pkl is loaded Successfully
2026-09-04 13:17:43,639 |INFO | app | accuracy.pkl is loaded Successfully
2026-09-04 13:17:43,768 |INFO | app | Model is shotdown
2026-09-04 13:17:48,291 |INFO | app | Checking ML model file | path=ml/saved_model/iris_pipeline.pkl
2026-09-04 13:17:53,365 |INFO | app | Model.pkl is loaded Successfully
2026-09-04 13:17:53,366 |INFO | app | accuracy.pkl is loaded Successfully
2026-09-04 13:17:53,475 |INFO | app | Model is shotdown
2026-09-04 13:17:58,926 |INFO | app | Checking ML model file | path=ml/saved_model/iris_pipeline.pkl
2026-09-04 13:18:02,171 |INFO | app | Model.pkl is loaded Successfully
2026-09-04 13:18:02,172 |INFO | app | accuracy.pkl is loaded Successfully
2026-09-04 13:18:02,274 |INFO | app | Model is shotdown
2026-09-04 13:18:06,303 |INFO | app | Checking ML model file | path=ml/saved_model/iris_pipeline.pkl
2026-09-04 13:18:09,897 |INFO | app | Model.pkl is loaded Successfully
2026-09-04 13:18:09,897 |INFO | app | accuracy.pkl is loaded Successfully
2026-09-04 13:18:10,006 |INFO | app | Model is shotdown
2026-09-04 13:18:14,650 |INFO | app | Checking ML model file | path=ml/saved_model/iris_pipeline.pkl
2026-09-04 13:18:18,645 |INFO | app | Model.pkl is loaded Successfully
2026-09-04 13:18:18,650 |INFO | app | accuracy.pkl is loaded Successfully
2026-09-04 13:18:18,758 |INFO | app | Model is shotdown
2026-09-04 13:18:22,634 |INFO | app | Checking ML model file | path=ml/saved_model/iris_pipeline.pkl
2026-09-04 13:18:25,618 |INFO | app | Model.pkl is loaded Successfully
2026-09-04 13:18:25,624 |INFO | app | accuracy.pkl is loaded Successfully
2026-09-04 13:18:25,728 |INFO | app | Model is shotdown
2026-09-04 13:18:29,758 |INFO | app | Checking ML model file | path=ml/saved_model/iris_pipeline.pkl
2026-09-04 13:18:32,380 |INFO | app | Model.pkl is loaded Successfully
2026-09-04 13:18:32,380 |INFO | app | accuracy.pkl is loaded Successfully
2026-09-04 13:18:32,488 |INFO | app | Model is shotdown
2026-09-04 13:18:36,829 |INFO | app | Checking ML model file | path=ml/saved_model/iris_pipeline.pkl
2026-09-04 13:18:39,944 |INFO | app | Model.pkl is loaded Successfully
2026-09-04 13:18:39,944 |INFO | app | accuracy.pkl is loaded Successfully
2026-09-04 13:19:08,302 |INFO | app | Model is shotdown
2026-09-04 13:19:13,294 |INFO | app | Checking ML model file | path=ml/saved_model/iris_pipeline.pkl
2026-09-04 13:19:15,449 |INFO | app | Model.pkl is loaded Successfully
2026-09-04 13:19:15,453 |INFO | app | accuracy.pkl is loaded Successfully
2026-09-04 13:22:27,328 |INFO | app | Model is shotdown
2026-09-04 13:22:32,800 |INFO | app | Checking ML model file | path=ml/saved_model/iris_pipeline.pkl
2026-09-04 13:22:35,866 |INFO | app | Model.pkl is loaded Successfully
2026-09-04 13:22:35,866 |INFO | app | accuracy.pkl is loaded Successfully
2026-09-04 13:22:35,977 |INFO | app | Model is shotdown
2026-09-04 13:22:39,489 |INFO | app | Checking ML model file | path=ml/saved_model/iris_pipeline.pkl
2026-09-04 13:22:42,071 |INFO | app | Model.pkl is loaded Successfully
2026-09-04 13:22:42,071 |INFO | app | accuracy.pkl is loaded Successfully
2026-09-04 13:23:19,767 |INFO | app | Model is shotdown
2026-09-04 13:23:23,463 |INFO | app | Checking ML model file | path=ml/saved_model/iris_pipeline.pkl
2026-09-04 13:23:25,465 |INFO | app | Model.pkl is loaded Successfully
2026-09-04 13:23:25,465 |INFO | app | accuracy.pkl is loaded Successfully
2026-09-04 13:24:14,782 |INFO | app | Model is shotdown
2026-09-04 13:24:24,517 |INFO | app | Checking ML model file | path=ml/saved_model/iris_pipeline.pkl
2026-09-04 13:24:30,137 |INFO | app | Model.pkl is loaded Successfully
2026-09-04 13:24:30,161 |INFO | app | accuracy.pkl is loaded Successfully
2026-09-04 13:24:30,273 |INFO | app | Model is shotdown
2026-09-04 13:24:34,168 |INFO | app | Checking ML model file | path=ml/saved_model/iris_pipeline.pkl
2026-09-04 13:24:36,696 |INFO | app | Model.pkl is loaded Successfully
2026-09-04 13:24:36,697 |INFO | app | accuracy.pkl is loaded Successfully
2026-09-04 13:24:58,921 |INFO | app | Model is shotdown
2026-09-04 13:25:05,587 |INFO | app | Checking ML model file | path=ml/saved_model/iris_pipeline.pkl
2026-09-04 13:25:07,946 |INFO | app | Model.pkl is loaded Successfully
2026-09-04 13:25:07,946 |INFO | app | accuracy.pkl is loaded Successfully
2026-09-04 13:25:08,055 |INFO | app | Model is shotdown
2026-09-04 13:25:12,215 |INFO | app | Checking ML model file | path=ml/saved_model/iris_pipeline.pkl
2026-09-04 13:25:15,253 |INFO | app | Model.pkl is loaded Successfully
2026-09-04 13:25:15,254 |INFO | app | accuracy.pkl is loaded Successfully
2026-09-04 13:25:15,369 |INFO | app | Model is shotdown
2026-09-04 13:25:19,641 |INFO | app | Checking ML model file | path=ml/saved_model/iris_pipeline.pkl
2026-09-04 13:25:22,442 |INFO | app | Model.pkl is loaded Successfully
2026-09-04 13:25:22,443 |INFO | app | accuracy.pkl is loaded Successfully
2026-09-04 13:25:38,335 |INFO | app | Model is shotdown
2026-09-04 13:25:41,800 |INFO | app | Checking ML model file | path=ml/saved_model/iris_pipeline.pkl
2026-09-04 13:25:45,085 |INFO | app | Model.pkl is loaded Successfully
2026-09-04 13:25:45,085 |INFO | app | accuracy.pkl is loaded Successfully
2026-09-04 13:25:45,202 |INFO | app | Model is shotdown
2026-09-04 13:25:48,633 |INFO | app | Checking ML model file | path=ml/saved_model/iris_pipeline.pkl
2026-09-04 13:25:51,053 |INFO | app | Model.pkl is loaded Successfully
2026-09-04 13:25:51,053 |INFO | app | accuracy.pkl is loaded Successfully
2026-09-04 13:25:59,930 |INFO | app | Model is shotdown
2026-09-04 13:26:04,507 |INFO | app | Checking ML model file | path=ml/saved_model/iris_pipeline.pkl
2026-09-04 13:26:07,574 |INFO | app | Model.pkl is loaded Successfully
2026-09-04 13:26:07,577 |INFO | app | accuracy.pkl is loaded Successfully
2026-09-04 13:26:07,709 |INFO | app | Model is shotdown
2026-09-04 13:26:11,050 |INFO | app | Checking ML model file | path=ml/saved_model/iris_pipeline.pkl
2026-09-04 13:26:13,672 |INFO | app | Model.pkl is loaded Successfully
2026-09-04 13:26:13,672 |INFO | app | accuracy.pkl is loaded Successfully
2026-09-04 13:26:13,784 |INFO | app | Model is shotdown
2026-09-04 13:26:18,336 |INFO | app | Checking ML model file | path=ml/saved_model/iris_pipeline.pkl
2026-09-04 13:26:27,899 |INFO | app | Model.pkl is loaded Successfully
2026-09-04 13:26:27,901 |INFO | app | accuracy.pkl is loaded Successfully
2026-09-04 13:26:28,013 |INFO | app | Model is shotdown
2026-09-04 13:26:34,560 |INFO | app | Checking ML model file | path=ml/saved_model/iris_pipeline.pkl
2026-09-04 13:26:37,900 |INFO | app | Model.pkl is loaded Successfully
2026-09-04 13:26:37,900 |INFO | app | accuracy.pkl is loaded Successfully
2026-09-04 13:26:38,008 |INFO | app | Model is shotdown
2026-09-04 13:26:42,800 |INFO | app | Checking ML model file | path=ml/saved_model/iris_pipeline.pkl
2026-09-04 13:26:45,670 |INFO | app | Model.pkl is loaded Successfully
2026-09-04 13:26:45,678 |INFO | app | accuracy.pkl is loaded Successfully
2026-09-04 13:26:45,786 |INFO | app | Model is shotdown
2026-09-04 13:26:49,289 |INFO | app | Checking ML model file | path=ml/saved_model/iris_pipeline.pkl
2026-09-04 13:26:54,062 |INFO | app | Model.pkl is loaded Successfully
2026-09-04 13:26:54,062 |INFO | app | accuracy.pkl is loaded Successfully
2026-09-04 13:28:10,915 |INFO | app | Model is shotdown
2026-09-04 13:28:15,255 |INFO | app | Checking ML model file | path=ml/saved_model/iris_pipeline.pkl
2026-09-04 13:28:18,005 |INFO | app | Model.pkl is loaded Successfully
2026-09-04 13:28:18,006 |INFO | app | accuracy.pkl is loaded Successfully
2026-09-04 13:28:25,917 |INFO | app | Model is shotdown
2026-09-04 13:28:32,107 |INFO | app | Checking ML model file | path=ml/saved_model/iris_pipeline.pkl
2026-09-04 13:28:34,888 |INFO | app | Model.pkl is loaded Successfully
2026-09-04 13:28:34,900 |INFO | app | accuracy.pkl is loaded Successfully
2026-09-04 13:28:35,013 |INFO | app | Model is shotdown
2026-09-04 13:28:38,692 |INFO | app | Checking ML model file | path=ml/saved_model/iris_pipeline.pkl
2026-09-04 13:28:41,334 |INFO | app | Model.pkl is loaded Successfully
2026-09-04 13:28:41,335 |INFO | app | accuracy.pkl is loaded Successfully
2026-09-04 13:28:41,437 |INFO | app | Model is shotdown
2026-09-04 13:28:44,821 |INFO | app | Checking ML model file | path=ml/saved_model/iris_pipeline.pkl
2026-09-04 13:28:48,075 |INFO | app | Model.pkl is loaded Successfully
2026-09-04 13:28:48,077 |INFO | app | accuracy.pkl is loaded Successfully
2026-09-04 13:29:06,808 |INFO | app | Model is shotdown
2026-09-04 13:29:10,444 |INFO | app | Checking ML model file | path=ml/saved_model/iris_pipeline.pkl
2026-09-04 13:29:13,256 |INFO | app | Model.pkl is loaded Successfully
2026-09-04 13:29:13,258 |INFO | app | accuracy.pkl is loaded Successfully
2026-09-04 13:29:16,612 |INFO | app | Model is shotdown
2026-09-04 13:29:20,239 |INFO | app | Checking ML model file | path=ml/saved_model/iris_pipeline.pkl
2026-09-04 13:29:23,728 |INFO | app | Model.pkl is loaded Successfully
2026-09-04 13:29:23,730 |INFO | app | accuracy.pkl is loaded Successfully
2026-09-04 13:29:23,839 |INFO | app | Model is shotdown
2026-09-04 13:29:28,417 |INFO | app | Checking ML model file | path=ml/saved_model/iris_pipeline.pkl
2026-09-04 13:29:31,404 |INFO | app | Model.pkl is loaded Successfully
2026-09-04 13:29:31,404 |INFO | app | accuracy.pkl is loaded Successfully
2026-09-04 13:29:31,507 |INFO | app | Model is shotdown
2026-09-04 13:29:34,825 |INFO | app | Checking ML model file | path=ml/saved_model/iris_pipeline.pkl
2026-09-04 13:29:37,609 |INFO | app | Model.pkl is loaded Successfully
2026-09-04 13:29:37,609 |INFO | app | accuracy.pkl is loaded Successfully
2026-09-04 13:29:37,710 |INFO | app | Model is shotdown
2026-09-04 13:29:41,112 |INFO | app | Checking ML model file | path=ml/saved_model/iris_pipeline.pkl
2026-09-04 13:29:45,187 |INFO | app | Model.pkl is loaded Successfully
2026-09-04 13:29:45,187 |INFO | app | accuracy.pkl is loaded Successfully
2026-09-04 13:30:00,624 |INFO | app | Model is shotdown
2026-09-04 13:30:04,644 |INFO | app | Checking ML model file | path=ml/saved_model/iris_pipeline.pkl
2026-09-04 13:30:11,495 |INFO | app | Model.pkl is loaded Successfully
2026-09-04 13:30:11,497 |INFO | app | accuracy.pkl is loaded Successfully
2026-09-04 13:30:11,608 |INFO | app | Model is shotdown
2026-09-04 13:30:16,643 |INFO | app | Checking ML model file | path=ml/saved_model/iris_pipeline.pkl
2026-09-04 13:30:19,547 |INFO | app | Model.pkl is loaded Successfully
2026-09-04 13:30:19,547 |INFO | app | accuracy.pkl is loaded Successfully
2026-09-04 13:30:19,658 |INFO | app | Model is shotdown
2026-09-04 13:30:23,171 |INFO | app | Checking ML model file | path=ml/saved_model/iris_pipeline.pkl
2026-09-04 13:30:27,011 |INFO | app | Model.pkl is loaded Successfully
2026-09-04 13:30:27,016 |INFO | app | accuracy.pkl is loaded Successfully
2026-09-04 13:30:27,130 |INFO | app | Model is shotdown
2026-09-04 13:30:32,835 |INFO | app | Checking ML model file | path=ml/saved_model/iris_pipeline.pkl
2026-09-04 13:30:36,054 |INFO | app | Model.pkl is loaded Successfully
2026-09-04 13:30:36,057 |INFO | app | accuracy.pkl is loaded Successfully
2026-09-04 13:30:36,171 |INFO | app | Model is shotdown
2026-09-04 13:30:40,069 |INFO | app | Checking ML model file | path=ml/saved_model/iris_pipeline.pkl
2026-09-04 13:30:43,067 |INFO | app | Model.pkl is loaded Successfully
2026-09-04 13:30:43,069 |INFO | app | accuracy.pkl is loaded Successfully
2026-09-04 13:33:14,301 |INFO | app | Model is shotdown
2026-09-04 13:33:22,047 |INFO | app | Checking ML model file | path=ml/saved_model/iris_pipeline.pkl
2026-09-04 13:33:30,491 |INFO | app | Model.pkl is loaded Successfully
2026-09-04 13:33:30,491 |INFO | app | accuracy.pkl is loaded Successfully
2026-09-04 13:33:30,599 |INFO | app | Model is shotdown
2026-09-04 13:33:34,816 |INFO | app | Checking ML model file | path=ml/saved_model/iris_pipeline.pkl
2026-09-04 13:33:38,080 |INFO | app | Model.pkl is loaded Successfully
2026-09-04 13:33:38,083 |INFO | app | accuracy.pkl is loaded Successfully
2026-09-04 13:33:38,203 |INFO | app | Model is shotdown
2026-09-04 13:33:41,739 |INFO | app | Checking ML model file | path=ml/saved_model/iris_pipeline.pkl
2026-09-04 13:33:44,336 |INFO | app | Model.pkl is loaded Successfully
2026-09-04 13:33:44,336 |INFO | app | accuracy.pkl is loaded Successfully
2026-09-04 13:34:16,159 |INFO | app | Model is shotdown
2026-09-04 13:34:25,678 |INFO | app | Checking ML model file | path=ml/saved_model/iris_pipeline.pkl
2026-09-04 13:34:31,926 |INFO | app | Model.pkl is loaded Successfully
2026-09-04 13:34:31,927 |INFO | app | accuracy.pkl is loaded Successfully
2026-09-04 13:34:32,031 |INFO | app | Model is shotdown
2026-09-04 13:34:37,344 |INFO | app | Checking ML model file | path=ml/saved_model/iris_pipeline.pkl
2026-09-04 13:34:40,881 |INFO | app | Model.pkl is loaded Successfully
2026-09-04 13:34:40,881 |INFO | app | accuracy.pkl is loaded Successfully
2026-09-04 13:34:40,982 |INFO | app | Model is shotdown
2026-09-04 13:34:44,223 |INFO | app | Checking ML model file | path=ml/saved_model/iris_pipeline.pkl
2026-09-04 13:34:47,367 |INFO | app | Model.pkl is loaded Successfully
2026-09-04 13:34:47,367 |INFO | app | accuracy.pkl is loaded Successfully
2026-09-04 13:35:21,345 |INFO | app | Model is shotdown
2026-09-04 13:35:25,985 |INFO | app | Checking ML model file | path=ml/saved_model/iris_pipeline.pkl
2026-09-04 13:35:29,013 |INFO | app | Model.pkl is loaded Successfully
2026-09-04 13:35:29,013 |INFO | app | accuracy.pkl is loaded Successfully
2026-09-04 13:36:25,322 |INFO | app | Model is shotdown
2026-09-04 13:36:29,416 |INFO | app | Checking ML model file | path=ml/saved_model/iris_pipeline.pkl
2026-09-04 13:36:32,107 |INFO | app | Model.pkl is loaded Successfully
2026-09-04 13:36:32,110 |INFO | app | accuracy.pkl is loaded Successfully
2026-09-04 13:36:32,222 |INFO | app | Model is shotdown
2026-09-04 13:36:36,161 |INFO | app | Checking ML model file | path=ml/saved_model/iris_pipeline.pkl
2026-09-04 13:36:38,923 |INFO | app | Model.pkl is loaded Successfully
2026-09-04 13:36:38,923 |INFO | app | accuracy.pkl is loaded Successfully
2026-09-04 13:36:39,038 |INFO | app | Model is shotdown
2026-09-04 13:36:42,422 |INFO | app | Checking ML model file | path=ml/saved_model/iris_pipeline.pkl
2026-09-04 13:36:49,413 |INFO | app | Model.pkl is loaded Successfully
2026-09-04 13:36:49,415 |INFO | app | accuracy.pkl is loaded Successfully
2026-09-04 13:37:01,272 |INFO | app | Model is shotdown
2026-09-04 13:37:04,561 |INFO | app | Checking ML model file | path=ml/saved_model/iris_pipeline.pkl
2026-09-04 13:37:07,179 |INFO | app | Model.pkl is loaded Successfully
2026-09-04 13:37:07,179 |INFO | app | accuracy.pkl is loaded Successfully
2026-09-04 13:37:07,288 |INFO | app | Model is shotdown
2026-09-04 13:37:10,738 |INFO | app | Checking ML model file | path=ml/saved_model/iris_pipeline.pkl
2026-09-04 13:37:13,624 |INFO | app | Model.pkl is loaded Successfully
2026-09-04 13:37:13,625 |INFO | app | accuracy.pkl is loaded Successfully
2026-09-04 13:37:13,737 |INFO | app | Model is shotdown
2026-09-04 13:37:16,949 |INFO | app | Checking ML model file | path=ml/saved_model/iris_pipeline.pkl
2026-09-04 13:37:20,526 |INFO | app | Model.pkl is loaded Successfully
2026-09-04 13:37:20,532 |INFO | app | accuracy.pkl is loaded Successfully
2026-09-04 13:37:20,688 |INFO | app | Model is shotdown
2026-09-04 13:37:25,653 |INFO | app | Checking ML model file | path=ml/saved_model/iris_pipeline.pkl
2026-09-04 13:37:29,270 |INFO | app | Model.pkl is loaded Successfully
2026-09-04 13:37:29,271 |INFO | app | accuracy.pkl is loaded Successfully
2026-09-04 13:37:29,376 |INFO | app | Model is shotdown
2026-09-04 13:37:33,125 |INFO | app | Checking ML model file | path=ml/saved_model/iris_pipeline.pkl
2026-09-04 13:37:36,840 |INFO | app | Model.pkl is loaded Successfully
2026-09-04 13:37:36,840 |INFO | app | accuracy.pkl is loaded Successfully
2026-09-04 13:38:35,118 |INFO | app | Model is shotdown
2026-09-04 13:38:39,292 |INFO | app | Checking ML model file | path=ml/saved_model/iris_pipeline.pkl
2026-09-04 13:38:43,539 |INFO | app | Model.pkl is loaded Successfully
2026-09-04 13:38:43,541 |INFO | app | accuracy.pkl is loaded Successfully
2026-09-04 13:38:43,667 |INFO | app | Model is shotdown
2026-09-04 13:38:48,046 |INFO | app | Checking ML model file | path=ml/saved_model/iris_pipeline.pkl
2026-09-04 13:38:52,323 |INFO | app | Model.pkl is loaded Successfully
2026-09-04 13:38:52,325 |INFO | app | accuracy.pkl is loaded Successfully
2026-09-04 13:38:53,389 |INFO | app | Model is shotdown
2026-09-04 13:38:56,922 |INFO | app | Checking ML model file | path=ml/saved_model/iris_pipeline.pkl
2026-09-04 13:39:00,921 |INFO | app | Model.pkl is loaded Successfully
2026-09-04 13:39:00,922 |INFO | app | accuracy.pkl is loaded Successfully
2026-09-04 13:39:09,052 |INFO | app | Model is shotdown
2026-09-04 13:39:12,134 |INFO | app | Checking ML model file | path=ml/saved_model/iris_pipeline.pkl
2026-09-04 13:39:14,730 |INFO | app | Model.pkl is loaded Successfully
2026-09-04 13:39:14,731 |INFO | app | accuracy.pkl is loaded Successfully
2026-09-04 13:41:58,397 |INFO | app | Model is shotdown
2026-09-04 13:42:04,714 |INFO | app | Checking ML model file | path=ml/saved_model/iris_pipeline.pkl
2026-09-04 13:42:08,159 |INFO | app | Model.pkl is loaded Successfully
2026-09-04 13:42:08,159 |INFO | app | accuracy.pkl is loaded Successfully
2026-09-04 13:42:11,492 |INFO | app | Model is shotdown
2026-09-04 13:42:16,296 |INFO | app | Checking ML model file | path=ml/saved_model/iris_pipeline.pkl
2026-09-04 13:42:21,079 |INFO | app | Model.pkl is loaded Successfully
2026-09-04 13:42:21,079 |INFO | app | accuracy.pkl is loaded Successfully
2026-09-04 13:42:21,201 |INFO | app | Model is shotdown
2026-09-04 13:42:26,270 |INFO | app | Checking ML model file | path=ml/saved_model/iris_pipeline.pkl
2026-09-04 13:42:29,400 |INFO | app | Model.pkl is loaded Successfully
2026-09-04 13:42:29,400 |INFO | app | accuracy.pkl is loaded Successfully
2026-09-04 13:42:29,522 |INFO | app | Model is shotdown
2026-09-04 13:42:34,339 |INFO | app | Checking ML model file | path=ml/saved_model/iris_pipeline.pkl
2026-09-04 13:42:40,849 |INFO | app | Model.pkl is loaded Successfully
2026-09-04 13:42:40,866 |INFO | app | accuracy.pkl is loaded Successfully
2026-09-04 13:42:40,995 |INFO | app | Model is shotdown
2026-09-04 13:42:49,866 |INFO | app | Checking ML model file | path=ml/saved_model/iris_pipeline.pkl
2026-09-04 13:42:53,213 |INFO | app | Model.pkl is loaded Successfully
2026-09-04 13:42:53,213 |INFO | app | accuracy.pkl is loaded Successfully
2026-09-04 13:42:53,324 |INFO | app | Model is shotdown
2026-09-04 13:42:56,770 |INFO | app | Checking ML model file | path=ml/saved_model/iris_pipeline.pkl
2026-09-04 13:43:01,042 |INFO | app | Model.pkl is loaded Successfully
2026-09-04 13:43:01,042 |INFO | app | accuracy.pkl is loaded Successfully
2026-09-04 13:43:01,154 |INFO | app | Model is shotdown
2026-09-04 13:43:05,919 |INFO | app | Checking ML model file | path=ml/saved_model/iris_pipeline.pkl
2026-09-04 13:43:09,435 |INFO | app | Model.pkl is loaded Successfully
2026-09-04 13:43:09,435 |INFO | app | accuracy.pkl is loaded Successfully
2026-09-04 13:43:18,239 |INFO | app | Model is shotdown
2026-09-04 13:43:23,671 |INFO | app | Checking ML model file | path=ml/saved_model/iris_pipeline.pkl
2026-09-04 13:43:29,097 |INFO | app | Model.pkl is loaded Successfully
2026-09-04 13:43:29,099 |INFO | app | accuracy.pkl is loaded Successfully
2026-09-04 13:43:29,204 |INFO | app | Model is shotdown
2026-09-04 13:43:32,849 |INFO | app | Checking ML model file | path=ml/saved_model/iris_pipeline.pkl
2026-09-04 13:43:36,305 |INFO | app | Model.pkl is loaded Successfully
2026-09-04 13:43:36,307 |INFO | app | accuracy.pkl is loaded Successfully
2026-09-05 09:50:06,671 |INFO | app | Model is shotdown
2026-09-05 09:50:27,924 |INFO | app | Checking ML model file | path=ml/saved_model/iris_pipeline.pkl
2026-09-05 09:50:37,702 |INFO | app | Model.pkl is loaded Successfully
2026-09-05 09:50:37,728 |INFO | app | accuracy.pkl is loaded Successfully
2026-09-05 09:50:37,893 |INFO | app | Model is shotdown
2026-09-05 09:50:50,363 |INFO | app | Checking ML model file | path=ml/saved_model/iris_pipeline.pkl
2026-09-05 09:51:01,459 |INFO | app | Model.pkl is loaded Successfully
2026-09-05 09:51:01,466 |INFO | app | accuracy.pkl is loaded Successfully
2026-09-05 09:51:01,584 |INFO | app | Model is shotdown
2026-09-05 09:51:09,924 |INFO | app | Checking ML model file | path=ml/saved_model/iris_pipeline.pkl
2026-09-05 09:51:14,146 |INFO | app | Model.pkl is loaded Successfully
2026-09-05 09:51:14,147 |INFO | app | accuracy.pkl is loaded Successfully
2026-09-05 09:51:14,250 |INFO | app | Model is shotdown
2026-09-05 09:51:19,846 |INFO | app | Checking ML model file | path=ml/saved_model/iris_pipeline.pkl
2026-09-05 09:51:23,257 |INFO | app | Model.pkl is loaded Successfully
2026-09-05 09:51:23,257 |INFO | app | accuracy.pkl is loaded Successfully
2026-09-05 09:51:23,361 |INFO | app | Model is shotdown
2026-09-05 09:51:28,796 |INFO | app | Checking ML model file | path=ml/saved_model/iris_pipeline.pkl
2026-09-05 09:51:32,007 |INFO | app | Model.pkl is loaded Successfully
2026-09-05 09:51:32,011 |INFO | app | accuracy.pkl is loaded Successfully
2026-09-05 09:51:32,127 |INFO | app | Model is shotdown
2026-09-05 09:51:37,455 |INFO | app | Checking ML model file | path=ml/saved_model/iris_pipeline.pkl
2026-09-05 09:51:41,422 |INFO | app | Model.pkl is loaded Successfully
2026-09-05 09:51:41,423 |INFO | app | accuracy.pkl is loaded Successfully
2026-09-05 09:51:41,531 |INFO | app | Model is shotdown
2026-09-05 09:51:46,224 |INFO | app | Checking ML model file | path=ml/saved_model/iris_pipeline.pkl
2026-09-05 09:51:50,092 |INFO | app | Model.pkl is loaded Successfully
2026-09-05 09:51:50,210 |INFO | app | accuracy.pkl is loaded Successfully
2026-09-05 09:51:56,076 |INFO | app | Model is shotdown
2026-09-05 09:51:59,282 |INFO | app | Checking ML model file | path=ml/saved_model/iris_pipeline.pkl
2026-09-05 09:52:02,544 |INFO | app | Model.pkl is loaded Successfully
2026-09-05 09:52:02,544 |INFO | app | accuracy.pkl is loaded Successfully
2026-09-05 09:52:02,654 |INFO | app | Model is shotdown
2026-09-05 09:52:06,246 |INFO | app | Checking ML model file | path=ml/saved_model/iris_pipeline.pkl
2026-09-05 09:52:09,974 |INFO | app | Model.pkl is loaded Successfully
2026-09-05 09:52:09,983 |INFO | app | accuracy.pkl is loaded Successfully
2026-09-05 09:52:10,154 |INFO | app | Model is shotdown
2026-09-05 09:52:14,768 |INFO | app | Checking ML model file | path=ml/saved_model/iris_pipeline.pkl
2026-09-05 09:52:19,677 |INFO | app | Model.pkl is loaded Successfully
2026-09-05 09:52:19,689 |INFO | app | accuracy.pkl is loaded Successfully
2026-09-05 09:52:19,897 |INFO | app | Model is shotdown
2026-09-05 09:52:24,452 |INFO | app | Checking ML model file | path=ml/saved_model/iris_pipeline.pkl
2026-09-05 09:52:28,369 |INFO | app | Model.pkl is loaded Successfully
2026-09-05 09:52:28,369 |INFO | app | accuracy.pkl is loaded Successfully
2026-09-05 09:52:33,252 |INFO | app | Model is shotdown
2026-09-05 09:52:37,567 |INFO | app | Checking ML model file | path=ml/saved_model/iris_pipeline.pkl
2026-09-05 09:52:41,454 |INFO | app | Model.pkl is loaded Successfully
2026-09-05 09:52:41,455 |INFO | app | accuracy.pkl is loaded Successfully
2026-09-05 09:52:41,586 |INFO | app | Model is shotdown
2026-09-05 09:52:46,682 |INFO | app | Checking ML model file | path=ml/saved_model/iris_pipeline.pkl
2026-09-05 09:52:49,720 |INFO | app | Model.pkl is loaded Successfully
2026-09-05 09:52:49,722 |INFO | app | accuracy.pkl is loaded Successfully
2026-09-05 09:52:49,832 |INFO | app | Model is shotdown
2026-09-05 09:52:52,794 |INFO | app | Checking ML model file | path=ml/saved_model/iris_pipeline.pkl
2026-09-05 09:52:55,654 |INFO | app | Model.pkl is loaded Successfully
2026-09-05 09:52:55,655 |INFO | app | accuracy.pkl is loaded Successfully
2026-09-05 09:53:06,888 |INFO | app | Model is shotdown
2026-09-05 09:53:09,861 |INFO | app | Checking ML model file | path=ml/saved_model/iris_pipeline.pkl
2026-09-05 09:53:12,361 |INFO | app | Model.pkl is loaded Successfully
2026-09-05 09:53:12,361 |INFO | app | accuracy.pkl is loaded Successfully
2026-09-05 09:53:12,477 |INFO | app | Model is shotdown
2026-09-05 09:53:15,523 |INFO | app | Checking ML model file | path=ml/saved_model/iris_pipeline.pkl
2026-09-05 09:53:19,633 |INFO | app | Model.pkl is loaded Successfully
2026-09-05 09:53:19,634 |INFO | app | accuracy.pkl is loaded Successfully
2026-09-05 09:53:19,742 |INFO | app | Model is shotdown
2026-09-05 09:53:22,957 |INFO | app | Checking ML model file | path=ml/saved_model/iris_pipeline.pkl
2026-09-05 09:53:26,562 |INFO | app | Model.pkl is loaded Successfully
2026-09-05 09:53:26,563 |INFO | app | accuracy.pkl is loaded Successfully
2026-09-05 09:53:26,675 |INFO | app | Model is shotdown
2026-09-05 09:53:30,755 |INFO | app | Checking ML model file | path=ml/saved_model/iris_pipeline.pkl
2026-09-05 09:53:42,485 |INFO | app | Model.pkl is loaded Successfully
2026-09-05 09:53:42,505 |INFO | app | accuracy.pkl is loaded Successfully
2026-09-05 09:53:42,623 |INFO | app | Model is shotdown
2026-09-05 09:53:49,782 |INFO | app | Checking ML model file | path=ml/saved_model/iris_pipeline.pkl
2026-09-05 09:53:53,842 |INFO | app | Model.pkl is loaded Successfully
2026-09-05 09:53:53,843 |INFO | app | accuracy.pkl is loaded Successfully
2026-09-05 09:53:53,950 |INFO | app | Model is shotdown
2026-09-05 09:53:57,628 |INFO | app | Checking ML model file | path=ml/saved_model/iris_pipeline.pkl
2026-09-05 09:54:01,510 |INFO | app | Model.pkl is loaded Successfully
2026-09-05 09:54:01,513 |INFO | app | accuracy.pkl is loaded Successfully
2026-09-05 09:54:03,014 |INFO | app | Model is shotdown
2026-09-05 09:54:07,580 |INFO | app | Checking ML model file | path=ml/saved_model/iris_pipeline.pkl
2026-09-05 09:54:13,581 |INFO | app | Model.pkl is loaded Successfully
2026-09-05 09:54:13,582 |INFO | app | accuracy.pkl is loaded Successfully
2026-09-05 09:54:13,693 |INFO | app | Model is shotdown
2026-09-05 09:54:17,997 |INFO | app | Checking ML model file | path=ml/saved_model/iris_pipeline.pkl
2026-09-05 09:54:24,126 |INFO | app | Model.pkl is loaded Successfully
2026-09-05 09:54:24,166 |INFO | app | accuracy.pkl is loaded Successfully
2026-09-05 09:54:24,290 |INFO | app | Model is shotdown
2026-09-05 09:54:28,856 |INFO | app | Checking ML model file | path=ml/saved_model/iris_pipeline.pkl
2026-09-05 09:54:32,054 |INFO | app | Model.pkl is loaded Successfully
2026-09-05 09:54:32,055 |INFO | app | accuracy.pkl is loaded Successfully
2026-09-05 09:54:32,173 |INFO | app | Model is shotdown
2026-09-05 09:54:35,755 |INFO | app | Checking ML model file | path=ml/saved_model/iris_pipeline.pkl
2026-09-05 09:54:39,666 |INFO | app | Model.pkl is loaded Successfully
2026-09-05 09:54:39,673 |INFO | app | accuracy.pkl is loaded Successfully
2026-09-05 09:54:46,532 |INFO | app | Model is shotdown
2026-09-05 09:54:51,068 |INFO | app | Checking ML model file | path=ml/saved_model/iris_pipeline.pkl
2026-09-05 09:54:53,840 |INFO | app | Model.pkl is loaded Successfully
2026-09-05 09:54:53,840 |INFO | app | accuracy.pkl is loaded Successfully
2026-09-05 09:55:17,000 |INFO | app | Model is shotdown
2026-09-05 09:55:20,403 |INFO | app | Checking ML model file | path=ml/saved_model/iris_pipeline.pkl
2026-09-05 09:55:23,543 |INFO | app | Model.pkl is loaded Successfully
2026-09-05 09:55:23,543 |INFO | app | accuracy.pkl is loaded Successfully
2026-09-05 09:55:29,553 |INFO | app | Model is shotdown
2026-09-05 09:55:34,042 |INFO | app | Checking ML model file | path=ml/saved_model/iris_pipeline.pkl
2026-09-05 09:55:37,653 |INFO | app | Model.pkl is loaded Successfully
2026-09-05 09:55:37,655 |INFO | app | accuracy.pkl is loaded Successfully
2026-09-05 09:55:37,771 |INFO | app | Model is shotdown
2026-09-05 09:55:41,402 |INFO | app | Checking ML model file | path=ml/saved_model/iris_pipeline.pkl
2026-09-05 09:55:44,150 |INFO | app | Model.pkl is loaded Successfully
2026-09-05 09:55:44,166 |INFO | app | accuracy.pkl is loaded Successfully
2026-09-05 09:55:44,281 |INFO | app | Model is shotdown
2026-09-05 09:55:49,618 |INFO | app | Checking ML model file | path=ml/saved_model/iris_pipeline.pkl
2026-09-05 09:55:52,649 |INFO | app | Model.pkl is loaded Successfully
2026-09-05 09:55:52,649 |INFO | app | accuracy.pkl is loaded Successfully
2026-09-05 09:55:52,749 |INFO | app | Model is shotdown
2026-09-05 09:55:57,160 |INFO | app | Checking ML model file | path=ml/saved_model/iris_pipeline.pkl
2026-09-05 09:56:00,470 |INFO | app | Model.pkl is loaded Successfully
2026-09-05 09:56:00,471 |INFO | app | accuracy.pkl is loaded Successfully
2026-09-05 09:56:00,588 |INFO | app | Model is shotdown
2026-09-05 09:56:04,311 |INFO | app | Checking ML model file | path=ml/saved_model/iris_pipeline.pkl
2026-09-05 09:56:07,580 |INFO | app | Model.pkl is loaded Successfully
2026-09-05 09:56:07,582 |INFO | app | accuracy.pkl is loaded Successfully
2026-09-05 09:56:07,683 |INFO | app | Model is shotdown
2026-09-05 09:56:11,816 |INFO | app | Checking ML model file | path=ml/saved_model/iris_pipeline.pkl
2026-09-05 09:56:15,130 |INFO | app | Model.pkl is loaded Successfully
2026-09-05 09:56:15,130 |INFO | app | accuracy.pkl is loaded Successfully
2026-09-05 09:56:15,236 |INFO | app | Model is shotdown
2026-09-05 09:56:18,130 |INFO | app | Checking ML model file | path=ml/saved_model/iris_pipeline.pkl
2026-09-05 09:56:21,554 |INFO | app | Model.pkl is loaded Successfully
2026-09-05 09:56:21,559 |INFO | app | accuracy.pkl is loaded Successfully
2026-09-05 09:56:21,667 |INFO | app | Model is shotdown
2026-09-05 09:56:26,490 |INFO | app | Checking ML model file | path=ml/saved_model/iris_pipeline.pkl
2026-09-05 09:56:29,627 |INFO | app | Model.pkl is loaded Successfully
2026-09-05 09:56:29,627 |INFO | app | accuracy.pkl is loaded Successfully
2026-09-05 09:56:29,740 |INFO | app | Model is shotdown
2026-09-05 09:56:33,958 |INFO | app | Checking ML model file | path=ml/saved_model/iris_pipeline.pkl
2026-09-05 09:56:36,884 |INFO | app | Model.pkl is loaded Successfully
2026-09-05 09:56:36,888 |INFO | app | accuracy.pkl is loaded Successfully
2026-09-05 09:56:37,001 |INFO | app | Model is shotdown
2026-09-05 09:56:40,771 |INFO | app | Checking ML model file | path=ml/saved_model/iris_pipeline.pkl
2026-09-05 09:56:43,606 |INFO | app | Model.pkl is loaded Successfully
2026-09-05 09:56:43,606 |INFO | app | accuracy.pkl is loaded Successfully
2026-09-05 09:56:43,713 |INFO | app | Model is shotdown
2026-09-05 09:56:46,887 |INFO | app | Checking ML model file | path=ml/saved_model/iris_pipeline.pkl
2026-09-05 09:56:51,335 |INFO | app | Model.pkl is loaded Successfully
2026-09-05 09:56:51,336 |INFO | app | accuracy.pkl is loaded Successfully
2026-09-05 09:56:51,443 |INFO | app | Model is shotdown
2026-09-05 09:56:54,807 |INFO | app | Checking ML model file | path=ml/saved_model/iris_pipeline.pkl
2026-09-05 09:56:57,591 |INFO | app | Model.pkl is loaded Successfully
2026-09-05 09:56:57,592 |INFO | app | accuracy.pkl is loaded Successfully
2026-09-05 09:56:57,699 |INFO | app | Model is shotdown
2026-09-05 09:57:02,268 |INFO | app | Checking ML model file | path=ml/saved_model/iris_pipeline.pkl
2026-09-05 09:57:05,349 |INFO | app | Model.pkl is loaded Successfully
2026-09-05 09:57:05,350 |INFO | app | accuracy.pkl is loaded Successfully
2026-09-05 09:57:07,116 |INFO | app | Model is shotdown
2026-09-05 09:57:10,237 |INFO | app | Checking ML model file | path=ml/saved_model/iris_pipeline.pkl
2026-09-05 09:57:13,365 |INFO | app | Model.pkl is loaded Successfully
2026-09-05 09:57:13,365 |INFO | app | accuracy.pkl is loaded Successfully
2026-09-05 09:57:13,481 |INFO | app | Model is shotdown
2026-09-05 09:57:17,747 |INFO | app | Checking ML model file | path=ml/saved_model/iris_pipeline.pkl
2026-09-05 09:57:24,086 |INFO | app | Model.pkl is loaded Successfully
2026-09-05 09:57:24,088 |INFO | app | accuracy.pkl is loaded Successfully
2026-09-05 09:57:24,199 |INFO | app | Model is shotdown
2026-09-05 09:57:28,314 |INFO | app | Checking ML model file | path=ml/saved_model/iris_pipeline.pkl
2026-09-05 09:57:31,474 |INFO | app | Model.pkl is loaded Successfully
2026-09-05 09:57:31,476 |INFO | app | accuracy.pkl is loaded Successfully
2026-09-05 09:57:38,948 |INFO | app | Model is shotdown
2026-09-05 09:57:42,566 |INFO | app | Checking ML model file | path=ml/saved_model/iris_pipeline.pkl
2026-09-05 09:57:45,745 |INFO | app | Model.pkl is loaded Successfully
2026-09-05 09:57:45,745 |INFO | app | accuracy.pkl is loaded Successfully
2026-09-05 09:57:52,367 |INFO | app | Model is shotdown
2026-09-05 09:57:55,583 |INFO | app | Checking ML model file | path=ml/saved_model/iris_pipeline.pkl
2026-09-05 09:57:58,409 |INFO | app | Model.pkl is loaded Successfully
2026-09-05 09:57:58,409 |INFO | app | accuracy.pkl is loaded Successfully
2026-09-05 09:57:58,512 |INFO | app | Model is shotdown
2026-09-05 09:58:02,212 |INFO | app | Checking ML model file | path=ml/saved_model/iris_pipeline.pkl
2026-09-05 09:58:05,225 |INFO | app | Model.pkl is loaded Successfully
2026-09-05 09:58:05,227 |INFO | app | accuracy.pkl is loaded Successfully
2026-09-05 09:58:08,462 |INFO | app | Model is shotdown
2026-09-05 09:58:11,158 |INFO | app | Checking ML model file | path=ml/saved_model/iris_pipeline.pkl
2026-09-05 09:58:14,195 |INFO | app | Model.pkl is loaded Successfully
2026-09-05 09:58:14,213 |INFO | app | accuracy.pkl is loaded Successfully
2026-09-05 09:58:14,335 |INFO | app | Model is shotdown
2026-09-05 09:58:17,295 |INFO | app | Checking ML model file | path=ml/saved_model/iris_pipeline.pkl
2026-09-05 09:58:19,800 |INFO | app | Model.pkl is loaded Successfully
2026-09-05 09:58:19,801 |INFO | app | accuracy.pkl is loaded Successfully
2026-09-05 09:58:19,918 |INFO | app | Model is shotdown
2026-09-05 09:58:24,295 |INFO | app | Checking ML model file | path=ml/saved_model/iris_pipeline.pkl
2026-09-05 09:58:28,213 |INFO | app | Model.pkl is loaded Successfully
2026-09-05 09:58:28,215 |INFO | app | accuracy.pkl is loaded Successfully
2026-09-05 09:58:28,332 |INFO | app | Model is shotdown
2026-09-05 09:58:33,058 |INFO | app | Checking ML model file | path=ml/saved_model/iris_pipeline.pkl
2026-09-05 09:58:36,602 |INFO | app | Model.pkl is loaded Successfully
2026-09-05 09:58:36,603 |INFO | app | accuracy.pkl is loaded Successfully
2026-09-05 09:58:36,711 |INFO | app | Model is shotdown
2026-09-05 09:58:41,921 |INFO | app | Checking ML model file | path=ml/saved_model/iris_pipeline.pkl
2026-09-05 09:58:44,938 |INFO | app | Model.pkl is loaded Successfully
2026-09-05 09:58:44,940 |INFO | app | accuracy.pkl is loaded Successfully
2026-09-05 09:58:45,043 |INFO | app | Model is shotdown
2026-09-05 09:58:49,867 |INFO | app | Checking ML model file | path=ml/saved_model/iris_pipeline.pkl
2026-09-05 09:58:52,324 |INFO | app | Model.pkl is loaded Successfully
2026-09-05 09:58:52,325 |INFO | app | accuracy.pkl is loaded Successfully
2026-09-05 09:58:52,430 |INFO | app | Model is shotdown
2026-09-05 09:59:05,109 |INFO | app | Checking ML model file | path=ml/saved_model/iris_pipeline.pkl
2026-09-05 09:59:08,320 |INFO | app | Model.pkl is loaded Successfully
2026-09-05 09:59:08,320 |INFO | app | accuracy.pkl is loaded Successfully
2026-09-05 09:59:08,423 |INFO | app | Model is shotdown
2026-09-05 09:59:12,414 |INFO | app | Checking ML model file | path=ml/saved_model/iris_pipeline.pkl
2026-09-05 09:59:14,777 |INFO | app | Model.pkl is loaded Successfully
2026-09-05 09:59:14,778 |INFO | app | accuracy.pkl is loaded Successfully
2026-09-05 09:59:14,894 |INFO | app | Model is shotdown
2026-09-05 09:59:18,394 |INFO | app | Checking ML model file | path=ml/saved_model/iris_pipeline.pkl
2026-09-05 09:59:21,434 |INFO | app | Model.pkl is loaded Successfully
2026-09-05 09:59:21,441 |INFO | app | accuracy.pkl is loaded Successfully
2026-09-05 09:59:21,555 |INFO | app | Model is shotdown
2026-09-05 09:59:24,446 |INFO | app | Checking ML model file | path=ml/saved_model/iris_pipeline.pkl
2026-09-05 09:59:27,592 |INFO | app | Model.pkl is loaded Successfully
2026-09-05 09:59:27,592 |INFO | app | accuracy.pkl is loaded Successfully
2026-09-05 09:59:27,696 |INFO | app | Model is shotdown
2026-09-05 09:59:34,096 |INFO | app | Checking ML model file | path=ml/saved_model/iris_pipeline.pkl
2026-09-05 09:59:37,099 |INFO | app | Model.pkl is loaded Successfully
2026-09-05 09:59:37,099 |INFO | app | accuracy.pkl is loaded Successfully
2026-09-05 09:59:37,205 |INFO | app | Model is shotdown
2026-09-05 09:59:41,073 |INFO | app | Checking ML model file | path=ml/saved_model/iris_pipeline.pkl
2026-09-05 09:59:44,565 |INFO | app | Model.pkl is loaded Successfully
2026-09-05 09:59:44,565 |INFO | app | accuracy.pkl is loaded Successfully
2026-09-05 09:59:44,682 |INFO | app | Model is shotdown
2026-09-05 09:59:49,095 |INFO | app | Checking ML model file | path=ml/saved_model/iris_pipeline.pkl
2026-09-05 09:59:52,336 |INFO | app | Model.pkl is loaded Successfully
2026-09-05 09:59:52,337 |INFO | app | accuracy.pkl is loaded Successfully
2026-09-05 09:59:52,440 |INFO | app | Model is shotdown
2026-09-05 09:59:57,602 |INFO | app | Checking ML model file | path=ml/saved_model/iris_pipeline.pkl
2026-09-05 10:00:00,744 |INFO | app | Model.pkl is loaded Successfully
2026-09-05 10:00:00,745 |INFO | app | accuracy.pkl is loaded Successfully
2026-09-05 10:00:00,857 |INFO | app | Model is shotdown
2026-09-05 10:00:04,773 |INFO | app | Checking ML model file | path=ml/saved_model/iris_pipeline.pkl
2026-09-05 10:00:07,871 |INFO | app | Model.pkl is loaded Successfully
2026-09-05 10:00:07,872 |INFO | app | accuracy.pkl is loaded Successfully
2026-09-05 10:00:07,976 |INFO | app | Model is shotdown
2026-09-05 10:00:10,994 |INFO | app | Checking ML model file | path=ml/saved_model/iris_pipeline.pkl
2026-09-05 10:00:13,636 |INFO | app | Model.pkl is loaded Successfully
2026-09-05 10:00:13,641 |INFO | app | accuracy.pkl is loaded Successfully
2026-09-05 10:00:13,742 |INFO | app | Model is shotdown
2026-09-05 10:00:17,527 |INFO | app | Checking ML model file | path=ml/saved_model/iris_pipeline.pkl
2026-09-05 10:00:20,211 |INFO | app | Model.pkl is loaded Successfully
2026-09-05 10:00:20,212 |INFO | app | accuracy.pkl is loaded Successfully
2026-09-05 10:00:28,834 |INFO | app | Model is shotdown
2026-09-05 10:00:32,085 |INFO | app | Checking ML model file | path=ml/saved_model/iris_pipeline.pkl
2026-09-05 10:00:35,357 |INFO | app | Model.pkl is loaded Successfully
2026-09-05 10:00:35,357 |INFO | app | accuracy.pkl is loaded Successfully
2026-09-05 10:00:37,921 |INFO | app | Model is shotdown
2026-09-05 10:00:41,408 |INFO | app | Checking ML model file | path=ml/saved_model/iris_pipeline.pkl
2026-09-05 10:00:44,613 |INFO | app | Model.pkl is loaded Successfully
2026-09-05 10:00:44,613 |INFO | app | accuracy.pkl is loaded Successfully
2026-09-05 10:00:44,719 |INFO | app | Model is shotdown
2026-09-05 10:00:47,907 |INFO | app | Checking ML model file | path=ml/saved_model/iris_pipeline.pkl
2026-09-05 10:00:50,111 |INFO | app | Model.pkl is loaded Successfully
2026-09-05 10:00:50,111 |INFO | app | accuracy.pkl is loaded Successfully
2026-09-05 10:00:57,138 |INFO | app | Model is shotdown
2026-09-05 10:01:00,759 |INFO | app | Checking ML model file | path=ml/saved_model/iris_pipeline.pkl
2026-09-05 10:01:03,437 |INFO | app | Model.pkl is loaded Successfully
2026-09-05 10:01:03,438 |INFO | app | accuracy.pkl is loaded Successfully
2026-09-05 10:01:03,988 |INFO | app | Model is shotdown
2026-09-05 10:01:07,522 |INFO | app | Checking ML model file | path=ml/saved_model/iris_pipeline.pkl
2026-09-05 10:01:12,045 |INFO | app | Model.pkl is loaded Successfully
2026-09-05 10:01:12,046 |INFO | app | accuracy.pkl is loaded Successfully
2026-09-05 10:01:12,155 |INFO | app | Model is shotdown
2026-09-05 10:01:15,969 |INFO | app | Checking ML model file | path=ml/saved_model/iris_pipeline.pkl
2026-09-05 10:01:19,994 |INFO | app | Model.pkl is loaded Successfully
2026-09-05 10:01:20,003 |INFO | app | accuracy.pkl is loaded Successfully
2026-09-05 10:01:20,125 |INFO | app | Model is shotdown
2026-09-05 10:01:27,319 |INFO | app | Checking ML model file | path=ml/saved_model/iris_pipeline.pkl
2026-09-05 10:01:30,365 |INFO | app | Model.pkl is loaded Successfully
2026-09-05 10:01:30,365 |INFO | app | accuracy.pkl is loaded Successfully
2026-09-05 10:01:30,487 |INFO | app | Model is shotdown
2026-09-05 10:01:35,543 |INFO | app | Checking ML model file | path=ml/saved_model/iris_pipeline.pkl
2026-09-05 10:01:39,702 |INFO | app | Model.pkl is loaded Successfully
2026-09-05 10:01:39,703 |INFO | app | accuracy.pkl is loaded Successfully
2026-09-05 10:01:39,808 |INFO | app | Model is shotdown
2026-09-05 10:01:43,023 |INFO | app | Checking ML model file | path=ml/saved_model/iris_pipeline.pkl
2026-09-05 10:01:45,980 |INFO | app | Model.pkl is loaded Successfully
2026-09-05 10:01:45,980 |INFO | app | accuracy.pkl is loaded Successfully
2026-09-05 10:01:46,083 |INFO | app | Model is shotdown
2026-09-05 10:01:49,320 |INFO | app | Checking ML model file | path=ml/saved_model/iris_pipeline.pkl
2026-09-05 10:01:52,644 |INFO | app | Model.pkl is loaded Successfully
2026-09-05 10:01:52,647 |INFO | app | accuracy.pkl is loaded Successfully
2026-09-05 10:01:56,717 |INFO | app | Model is shotdown
2026-09-05 10:01:59,787 |INFO | app | Checking ML model file | path=ml/saved_model/iris_pipeline.pkl
2026-09-05 10:02:03,023 |INFO | app | Model.pkl is loaded Successfully
2026-09-05 10:02:03,023 |INFO | app | accuracy.pkl is loaded Successfully
2026-09-05 10:02:03,133 |INFO | app | Model is shotdown
2026-09-05 10:02:07,370 |INFO | app | Checking ML model file | path=ml/saved_model/iris_pipeline.pkl
2026-09-05 10:02:10,566 |INFO | app | Model.pkl is loaded Successfully
2026-09-05 10:02:10,566 |INFO | app | accuracy.pkl is loaded Successfully
2026-09-05 10:02:10,684 |INFO | app | Model is shotdown
2026-09-05 10:02:14,421 |INFO | app | Checking ML model file | path=ml/saved_model/iris_pipeline.pkl
2026-09-05 10:02:17,412 |INFO | app | Model.pkl is loaded Successfully
2026-09-05 10:02:17,412 |INFO | app | accuracy.pkl is loaded Successfully
2026-09-05 10:02:17,514 |INFO | app | Model is shotdown
2026-09-05 10:02:22,307 |INFO | app | Checking ML model file | path=ml/saved_model/iris_pipeline.pkl
2026-09-05 10:02:25,888 |INFO | app | Model.pkl is loaded Successfully
2026-09-05 10:02:25,889 |INFO | app | accuracy.pkl is loaded Successfully
2026-09-05 10:02:26,002 |INFO | app | Model is shotdown
2026-09-05 10:02:31,237 |INFO | app | Checking ML model file | path=ml/saved_model/iris_pipeline.pkl
2026-09-05 10:02:37,566 |INFO | app | Model.pkl is loaded Successfully
2026-09-05 10:02:37,568 |INFO | app | accuracy.pkl is loaded Successfully
2026-09-05 10:02:37,679 |INFO | app | Model is shotdown
2026-09-05 10:02:41,995 |INFO | app | Checking ML model file | path=ml/saved_model/iris_pipeline.pkl
2026-09-05 10:02:44,743 |INFO | app | Model.pkl is loaded Successfully
2026-09-05 10:02:44,744 |INFO | app | accuracy.pkl is loaded Successfully
2026-09-05 10:02:44,850 |INFO | app | Model is shotdown
2026-09-05 10:02:48,458 |INFO | app | Checking ML model file | path=ml/saved_model/iris_pipeline.pkl
2026-09-05 10:02:51,745 |INFO | app | Model.pkl is loaded Successfully
2026-09-05 10:02:51,747 |INFO | app | accuracy.pkl is loaded Successfully
2026-09-05 10:03:06,068 |INFO | app | Model is shotdown
2026-09-05 10:03:08,953 |INFO | app | Checking ML model file | path=ml/saved_model/iris_pipeline.pkl
2026-09-05 10:03:12,209 |INFO | app | Model.pkl is loaded Successfully
2026-09-05 10:03:12,210 |INFO | app | accuracy.pkl is loaded Successfully
2026-09-05 10:03:12,315 |INFO | app | Model is shotdown
2026-09-05 10:03:15,886 |INFO | app | Checking ML model file | path=ml/saved_model/iris_pipeline.pkl
2026-09-05 10:03:18,004 |INFO | app | Model.pkl is loaded Successfully
2026-09-05 10:03:18,005 |INFO | app | accuracy.pkl is loaded Successfully
2026-09-05 10:03:18,116 |INFO | app | Model is shotdown
2026-09-05 10:03:20,515 |INFO | app | Checking ML model file | path=ml/saved_model/iris_pipeline.pkl
2026-09-05 10:03:23,952 |INFO | app | Model.pkl is loaded Successfully
2026-09-05 10:03:23,953 |INFO | app | accuracy.pkl is loaded Successfully
2026-09-05 10:04:05,584 |INFO | app | Model is shotdown
2026-09-05 10:04:09,247 |INFO | app | Checking ML model file | path=ml/saved_model/iris_pipeline.pkl
2026-09-05 10:04:12,386 |INFO | app | Model.pkl is loaded Successfully
2026-09-05 10:04:12,386 |INFO | app | accuracy.pkl is loaded Successfully
2026-09-05 10:04:12,500 |INFO | app | Model is shotdown
2026-09-05 10:04:16,157 |INFO | app | Checking ML model file | path=ml/saved_model/iris_pipeline.pkl
2026-09-05 10:04:19,150 |INFO | app | Model.pkl is loaded Successfully
2026-09-05 10:04:19,151 |INFO | app | accuracy.pkl is loaded Successfully
2026-09-05 10:04:24,885 |INFO | app | Model is shotdown
2026-09-05 10:04:27,526 |INFO | app | Checking ML model file | path=ml/saved_model/iris_pipeline.pkl
2026-09-05 10:04:30,005 |INFO | app | Model.pkl is loaded Successfully
2026-09-05 10:04:30,005 |INFO | app | accuracy.pkl is loaded Successfully
2026-09-05 10:04:47,726 |INFO | app | Model is shotdown
2026-09-05 10:04:53,143 |INFO | app | Checking ML model file | path=ml/saved_model/iris_pipeline.pkl
2026-09-05 10:04:57,388 |INFO | app | Model.pkl is loaded Successfully
2026-09-05 10:04:57,390 |INFO | app | accuracy.pkl is loaded Successfully
2026-09-05 10:04:57,507 |INFO | app | Model is shotdown
2026-09-05 10:05:04,040 |INFO | app | Checking ML model file | path=ml/saved_model/iris_pipeline.pkl
2026-09-05 10:05:08,233 |INFO | app | Model.pkl is loaded Successfully
2026-09-05 10:05:08,234 |INFO | app | accuracy.pkl is loaded Successfully
2026-09-05 10:05:08,340 |INFO | app | Model is shotdown
2026-09-05 10:05:13,829 |INFO | app | Checking ML model file | path=ml/saved_model/iris_pipeline.pkl
2026-09-05 10:05:18,441 |INFO | app | Model.pkl is loaded Successfully
2026-09-05 10:05:18,444 |INFO | app | accuracy.pkl is loaded Successfully
2026-09-05 10:05:18,560 |INFO | app | Model is shotdown
2026-09-05 10:05:23,174 |INFO | app | Checking ML model file | path=ml/saved_model/iris_pipeline.pkl
2026-09-05 10:05:26,480 |INFO | app | Model.pkl is loaded Successfully
2026-09-05 10:05:26,482 |INFO | app | accuracy.pkl is loaded Successfully
2026-09-05 10:05:39,143 |INFO | app | Model is shotdown
2026-09-05 10:05:42,715 |INFO | app | Checking ML model file | path=ml/saved_model/iris_pipeline.pkl
2026-09-05 10:05:46,196 |INFO | app | Model.pkl is loaded Successfully
2026-09-05 10:05:46,196 |INFO | app | accuracy.pkl is loaded Successfully
2026-09-05 10:05:46,303 |INFO | app | Model is shotdown
2026-09-05 10:05:50,563 |INFO | app | Checking ML model file | path=ml/saved_model/iris_pipeline.pkl
2026-09-05 10:05:54,175 |INFO | app | Model.pkl is loaded Successfully
2026-09-05 10:05:54,176 |INFO | app | accuracy.pkl is loaded Successfully
2026-09-05 10:05:54,290 |INFO | app | Model is shotdown
2026-09-05 10:05:59,319 |INFO | app | Checking ML model file | path=ml/saved_model/iris_pipeline.pkl
2026-09-05 10:06:03,162 |INFO | app | Model.pkl is loaded Successfully
2026-09-05 10:06:03,163 |INFO | app | accuracy.pkl is loaded Successfully
2026-09-05 10:06:03,272 |INFO | app | Model is shotdown
2026-09-05 10:06:06,847 |INFO | app | Checking ML model file | path=ml/saved_model/iris_pipeline.pkl
2026-09-05 10:06:09,682 |INFO | app | Model.pkl is loaded Successfully
2026-09-05 10:06:09,693 |INFO | app | accuracy.pkl is loaded Successfully
2026-09-05 10:06:12,405 |INFO | app | Model is shotdown
2026-09-05 10:06:15,960 |INFO | app | Checking ML model file | path=ml/saved_model/iris_pipeline.pkl
2026-09-05 10:06:18,664 |INFO | app | Model.pkl is loaded Successfully
2026-09-05 10:06:18,664 |INFO | app | accuracy.pkl is loaded Successfully
2026-09-05 10:06:23,006 |INFO | app | Model is shotdown
2026-09-05 10:06:27,074 |INFO | app | Checking ML model file | path=ml/saved_model/iris_pipeline.pkl
2026-09-05 10:06:29,756 |INFO | app | Model.pkl is loaded Successfully
2026-09-05 10:06:29,758 |INFO | app | accuracy.pkl is loaded Successfully
2026-09-05 10:06:29,873 |INFO | app | Model is shotdown
2026-09-05 10:06:33,473 |INFO | app | Checking ML model file | path=ml/saved_model/iris_pipeline.pkl
2026-09-05 10:06:36,110 |INFO | app | Model.pkl is loaded Successfully
2026-09-05 10:06:36,110 |INFO | app | accuracy.pkl is loaded Successfully
2026-09-05 10:06:36,218 |INFO | app | Model is shotdown
2026-09-05 10:06:39,123 |INFO | app | Checking ML model file | path=ml/saved_model/iris_pipeline.pkl
2026-09-05 10:06:41,784 |INFO | app | Model.pkl is loaded Successfully
2026-09-05 10:06:41,784 |INFO | app | accuracy.pkl is loaded Successfully
2026-09-05 10:06:44,357 |INFO | app | Model is shotdown
2026-09-05 10:06:48,380 |INFO | app | Checking ML model file | path=ml/saved_model/iris_pipeline.pkl
2026-09-05 10:06:51,111 |INFO | app | Model.pkl is loaded Successfully
2026-09-05 10:06:51,111 |INFO | app | accuracy.pkl is loaded Successfully
2026-09-05 10:07:06,671 |INFO | app | Model is shotdown
2026-09-05 10:07:09,957 |INFO | app | Checking ML model file | path=ml/saved_model/iris_pipeline.pkl
2026-09-05 10:07:12,807 |INFO | app | Model.pkl is loaded Successfully
2026-09-05 10:07:12,807 |INFO | app | accuracy.pkl is loaded Successfully
2026-09-05 10:09:14,078 |INFO | app | Model is shotdown
2026-09-05 10:09:17,047 |INFO | app | Checking ML model file | path=ml/saved_model/iris_pipeline.pkl
2026-09-05 10:09:19,782 |INFO | app | Model.pkl is loaded Successfully
2026-09-05 10:09:19,783 |INFO | app | accuracy.pkl is loaded Successfully
2026-09-05 10:11:02,388 |INFO | app | Model is shotdown
2026-09-05 10:11:06,052 |INFO | app | Checking ML model file | path=ml/saved_model/iris_pipeline.pkl
2026-09-05 10:11:09,141 |INFO | app | Model.pkl is loaded Successfully
2026-09-05 10:11:09,141 |INFO | app | accuracy.pkl is loaded Successfully
2026-09-05 10:11:09,256 |INFO | app | Model is shotdown
2026-09-05 10:11:12,749 |INFO | app | Checking ML model file | path=ml/saved_model/iris_pipeline.pkl
2026-09-05 10:11:15,620 |INFO | app | Model.pkl is loaded Successfully
2026-09-05 10:11:15,620 |INFO | app | accuracy.pkl is loaded Successfully
2026-09-05 10:11:15,723 |INFO | app | Model is shotdown
2026-09-05 10:11:18,599 |INFO | app | Checking ML model file | path=ml/saved_model/iris_pipeline.pkl
2026-09-05 10:11:21,230 |INFO | app | Model.pkl is loaded Successfully
2026-09-05 10:11:21,243 |INFO | app | accuracy.pkl is loaded Successfully
2026-09-05 10:13:00,526 |INFO | app | Model is shotdown
2026-09-05 10:13:07,617 |INFO | app | Checking ML model file | path=ml/saved_model/iris_pipeline.pkl
2026-09-05 10:13:13,527 |INFO | app | Model.pkl is loaded Successfully
2026-09-05 10:13:13,547 |INFO | app | accuracy.pkl is loaded Successfully
2026-09-05 10:13:51,785 |INFO | app | Model is shotdown
2026-09-05 10:13:55,164 |INFO | app | Checking ML model file | path=ml/saved_model/iris_pipeline.pkl
2026-09-05 10:14:01,458 |INFO | app | Model.pkl is loaded Successfully
2026-09-05 10:14:01,462 |INFO | app | accuracy.pkl is loaded Successfully
2026-09-05 10:14:01,584 |INFO | app | Model is shotdown
2026-09-05 10:14:14,719 |INFO | app | Checking ML model file | path=ml/saved_model/iris_pipeline.pkl
2026-09-05 10:14:19,987 |INFO | app | Model.pkl is loaded Successfully
2026-09-05 10:14:19,991 |INFO | app | accuracy.pkl is loaded Successfully
2026-09-05 10:15:18,453 |INFO | app | Model is shotdown
2026-09-05 10:15:26,607 |INFO | app | Checking ML model file | path=ml/saved_model/iris_pipeline.pkl
2026-09-05 10:15:32,993 |INFO | app | Model.pkl is loaded Successfully
2026-09-05 10:15:32,994 |INFO | app | accuracy.pkl is loaded Successfully
2026-09-05 10:15:33,112 |INFO | app | Model is shotdown
2026-09-05 10:15:37,015 |INFO | app | Checking ML model file | path=ml/saved_model/iris_pipeline.pkl
2026-09-05 10:15:40,345 |INFO | app | Model.pkl is loaded Successfully
2026-09-05 10:15:40,345 |INFO | app | accuracy.pkl is loaded Successfully
2026-09-05 10:16:33,664 |INFO | app | Model is shotdown
2026-09-05 10:16:37,292 |INFO | app | Checking ML model file | path=ml/saved_model/iris_pipeline.pkl
2026-09-05 10:16:40,541 |INFO | app | Model.pkl is loaded Successfully
2026-09-05 10:16:40,542 |INFO | app | accuracy.pkl is loaded Successfully
2026-09-05 10:16:42,993 |INFO | app | Model is shotdown
2026-09-05 10:16:47,363 |INFO | app | Checking ML model file | path=ml/saved_model/iris_pipeline.pkl
2026-09-05 10:16:50,921 |INFO | app | Model.pkl is loaded Successfully
2026-09-05 10:16:50,923 |INFO | app | accuracy.pkl is loaded Successfully
2026-09-05 10:16:59,195 |INFO | app | Model is shotdown
2026-09-05 10:17:02,187 |INFO | app | Checking ML model file | path=ml/saved_model/iris_pipeline.pkl
2026-09-05 10:17:05,411 |INFO | app | Model.pkl is loaded Successfully
2026-09-05 10:17:05,441 |INFO | app | accuracy.pkl is loaded Successfully
2026-09-05 10:17:07,424 |INFO | app | Model is shotdown
2026-09-05 10:17:10,357 |INFO | app | Checking ML model file | path=ml/saved_model/iris_pipeline.pkl
2026-09-05 10:17:14,195 |INFO | app | Model.pkl is loaded Successfully
2026-09-05 10:17:14,198 |INFO | app | accuracy.pkl is loaded Successfully
2026-09-05 10:17:14,309 |INFO | app | Model is shotdown
2026-09-05 10:17:17,700 |INFO | app | Checking ML model file | path=ml/saved_model/iris_pipeline.pkl
2026-09-05 10:17:20,855 |INFO | app | Model.pkl is loaded Successfully
2026-09-05 10:17:20,857 |INFO | app | accuracy.pkl is loaded Successfully
2026-09-05 10:17:24,211 |INFO | app | Model is shotdown
2026-09-05 10:17:27,273 |INFO | app | Checking ML model file | path=ml/saved_model/iris_pipeline.pkl
2026-09-05 10:17:30,175 |INFO | app | Model.pkl is loaded Successfully
2026-09-05 10:17:30,179 |INFO | app | accuracy.pkl is loaded Successfully
2026-09-05 10:18:07,976 |INFO | app | Model is shotdown
2026-09-05 10:18:11,017 |INFO | app | Checking ML model file | path=ml/saved_model/iris_pipeline.pkl
2026-09-05 10:18:13,729 |INFO | app | Model.pkl is loaded Successfully
2026-09-05 10:18:13,729 |INFO | app | accuracy.pkl is loaded Successfully
2026-09-05 10:18:13,837 |INFO | app | Model is shotdown
2026-09-05 10:18:18,427 |INFO | app | Checking ML model file | path=ml/saved_model/iris_pipeline.pkl
2026-09-05 10:18:21,482 |INFO | app | Model.pkl is loaded Successfully
2026-09-05 10:18:21,482 |INFO | app | accuracy.pkl is loaded Successfully
2026-09-05 10:18:23,929 |INFO | app | Model is shotdown
2026-09-05 10:18:40,686 |INFO | app | Checking ML model file | path=ml/saved_model/iris_pipeline.pkl
2026-09-05 10:18:48,016 |INFO | app | Model.pkl is loaded Successfully
2026-09-05 10:18:48,016 |INFO | app | accuracy.pkl is loaded Successfully
2026-09-05 10:18:48,119 |INFO | app | Model is shotdown
2026-09-05 10:18:53,368 |INFO | app | Checking ML model file | path=ml/saved_model/iris_pipeline.pkl
2026-09-05 10:18:56,519 |INFO | app | Model.pkl is loaded Successfully
2026-09-05 10:18:56,520 |INFO | app | accuracy.pkl is loaded Successfully
2026-09-05 10:19:15,886 |INFO | app | Model is shotdown
2026-09-05 10:19:19,455 |INFO | app | Checking ML model file | path=ml/saved_model/iris_pipeline.pkl
2026-09-05 10:19:25,089 |INFO | app | Model.pkl is loaded Successfully
2026-09-05 10:19:25,089 |INFO | app | accuracy.pkl is loaded Successfully
2026-09-05 10:19:25,201 |INFO | app | Model is shotdown
2026-09-05 10:19:30,733 |INFO | app | Checking ML model file | path=ml/saved_model/iris_pipeline.pkl
2026-09-05 10:19:34,831 |INFO | app | Model.pkl is loaded Successfully
2026-09-05 10:19:34,831 |INFO | app | accuracy.pkl is loaded Successfully
2026-09-05 10:19:34,935 |INFO | app | Model is shotdown
2026-09-05 10:19:39,426 |INFO | app | Checking ML model file | path=ml/saved_model/iris_pipeline.pkl
2026-09-05 10:19:43,808 |INFO | app | Model.pkl is loaded Successfully
2026-09-05 10:19:43,808 |INFO | app | accuracy.pkl is loaded Successfully
2026-09-05 10:19:45,192 |INFO | app | Model is shotdown
2026-09-05 10:19:50,194 |INFO | app | Checking ML model file | path=ml/saved_model/iris_pipeline.pkl
2026-09-05 10:19:56,980 |INFO | app | Model.pkl is loaded Successfully
2026-09-05 10:19:56,981 |INFO | app | accuracy.pkl is loaded Successfully
2026-09-05 10:19:57,086 |INFO | app | Model is shotdown
2026-09-05 10:20:03,798 |INFO | app | Checking ML model file | path=ml/saved_model/iris_pipeline.pkl
2026-09-05 10:20:07,803 |INFO | app | Model.pkl is loaded Successfully
2026-09-05 10:20:07,805 |INFO | app | accuracy.pkl is loaded Successfully
2026-09-05 10:20:26,733 |INFO | app | Model is shotdown
2026-09-05 10:20:35,405 |INFO | app | Checking ML model file | path=ml/saved_model/iris_pipeline.pkl
2026-09-05 10:20:43,000 |INFO | app | Model.pkl is loaded Successfully
2026-09-05 10:20:43,005 |INFO | app | accuracy.pkl is loaded Successfully
2026-09-05 10:20:43,113 |INFO | app | Model is shotdown
2026-09-05 10:20:46,436 |INFO | app | Checking ML model file | path=ml/saved_model/iris_pipeline.pkl
2026-09-05 10:20:49,452 |INFO | app | Model.pkl is loaded Successfully
2026-09-05 10:20:49,452 |INFO | app | accuracy.pkl is loaded Successfully
2026-09-05 10:21:55,743 |INFO | app | Model is shotdown
2026-09-05 10:21:58,864 |INFO | app | Checking ML model file | path=ml/saved_model/iris_pipeline.pkl
2026-09-05 10:22:01,561 |INFO | app | Model.pkl is loaded Successfully
2026-09-05 10:22:01,569 |INFO | app | accuracy.pkl is loaded Successfully
2026-09-05 10:22:15,043 |INFO | app | Model is shotdown
2026-09-05 10:22:17,993 |INFO | app | Checking ML model file | path=ml/saved_model/iris_pipeline.pkl
2026-09-05 10:22:21,197 |INFO | app | Model.pkl is loaded Successfully
2026-09-05 10:22:21,197 |INFO | app | accuracy.pkl is loaded Successfully
2026-09-05 10:22:21,307 |INFO | app | Model is shotdown
2026-09-05 10:22:24,715 |INFO | app | Checking ML model file | path=ml/saved_model/iris_pipeline.pkl
2026-09-05 10:22:27,936 |INFO | app | Model.pkl is loaded Successfully
2026-09-05 10:22:27,962 |INFO | app | accuracy.pkl is loaded Successfully
2026-09-05 10:22:28,117 |INFO | app | Model is shotdown
2026-09-05 10:22:35,843 |INFO | app | Checking ML model file | path=ml/saved_model/iris_pipeline.pkl
2026-09-05 10:22:39,165 |INFO | app | Model.pkl is loaded Successfully
2026-09-05 10:22:39,166 |INFO | app | accuracy.pkl is loaded Successfully
2026-09-05 10:22:39,312 |INFO | app | Model is shotdown
2026-09-05 10:22:50,334 |INFO | app | Checking ML model file | path=ml/saved_model/iris_pipeline.pkl
2026-09-05 10:22:59,547 |INFO | app | Model.pkl is loaded Successfully
2026-09-05 10:22:59,555 |INFO | app | accuracy.pkl is loaded Successfully
2026-09-05 10:22:59,676 |INFO | app | Model is shotdown
2026-09-05 10:23:03,716 |INFO | app | Checking ML model file | path=ml/saved_model/iris_pipeline.pkl
2026-09-05 10:23:06,448 |INFO | app | Model.pkl is loaded Successfully
2026-09-05 10:23:06,449 |INFO | app | accuracy.pkl is loaded Successfully
2026-09-05 10:23:06,560 |INFO | app | Model is shotdown
2026-09-05 10:23:11,602 |INFO | app | Checking ML model file | path=ml/saved_model/iris_pipeline.pkl
2026-09-05 10:23:15,458 |INFO | app | Model.pkl is loaded Successfully
2026-09-05 10:23:15,460 |INFO | app | accuracy.pkl is loaded Successfully
2026-09-05 10:23:17,063 |INFO | app | Model is shotdown
2026-09-05 10:23:20,967 |INFO | app | Checking ML model file | path=ml/saved_model/iris_pipeline.pkl
2026-09-05 10:23:23,825 |INFO | app | Model.pkl is loaded Successfully
2026-09-05 10:23:23,826 |INFO | app | accuracy.pkl is loaded Successfully
2026-09-05 10:23:23,942 |INFO | app | Model is shotdown
2026-09-05 10:23:26,717 |INFO | app | Checking ML model file | path=ml/saved_model/iris_pipeline.pkl
2026-09-05 10:23:29,762 |INFO | app | Model.pkl is loaded Successfully
2026-09-05 10:23:29,763 |INFO | app | accuracy.pkl is loaded Successfully
2026-09-05 10:23:55,973 |INFO | app | Model is shotdown
2026-09-05 10:24:00,080 |INFO | app | Checking ML model file | path=ml/saved_model/iris_pipeline.pkl
2026-09-05 10:24:02,872 |INFO | app | Model.pkl is loaded Successfully
2026-09-05 10:24:02,872 |INFO | app | accuracy.pkl is loaded Successfully
2026-09-05 10:24:02,976 |INFO | app | Model is shotdown
2026-09-05 10:24:06,609 |INFO | app | Checking ML model file | path=ml/saved_model/iris_pipeline.pkl
2026-09-05 10:24:10,457 |INFO | app | Model.pkl is loaded Successfully
2026-09-05 10:24:10,457 |INFO | app | accuracy.pkl is loaded Successfully
2026-09-05 10:24:10,558 |INFO | app | Model is shotdown
2026-09-05 10:24:14,505 |INFO | app | Checking ML model file | path=ml/saved_model/iris_pipeline.pkl
2026-09-05 10:24:18,883 |INFO | app | Model.pkl is loaded Successfully
2026-09-05 10:24:18,887 |INFO | app | accuracy.pkl is loaded Successfully
2026-09-05 10:24:19,017 |INFO | app | Model is shotdown
2026-09-05 10:24:23,393 |INFO | app | Checking ML model file | path=ml/saved_model/iris_pipeline.pkl
2026-09-05 10:24:26,791 |INFO | app | Model.pkl is loaded Successfully
2026-09-05 10:24:26,794 |INFO | app | accuracy.pkl is loaded Successfully
2026-09-05 10:24:26,911 |INFO | app | Model is shotdown
2026-09-05 10:24:30,348 |INFO | app | Checking ML model file | path=ml/saved_model/iris_pipeline.pkl
2026-09-05 10:24:32,492 |INFO | app | Model.pkl is loaded Successfully
2026-09-05 10:24:32,496 |INFO | app | accuracy.pkl is loaded Successfully
2026-09-05 10:24:51,692 |INFO | app | Request Recived |request_id=e47ea552-e48a-4519-8002-9b1a8eb77254 |method=GET |path=/api/v1/model-info 
2026-09-05 10:24:51,767 |INFO | app | Response Sent |request_id=e47ea552-e48a-4519-8002-9b1a8eb77254 |request_method=GET |path=/api/v1/model-info |response_time=0.07478200015611947 
2026-09-05 10:25:01,228 |INFO | app | Model is shotdown
2026-09-05 10:25:05,898 |INFO | app | Checking ML model file | path=ml/saved_model/iris_pipeline.pkl
2026-09-05 10:25:08,676 |INFO | app | Model.pkl is loaded Successfully
2026-09-05 10:25:08,677 |INFO | app | accuracy.pkl is loaded Successfully
2026-09-05 10:25:11,879 |INFO | app | Model is shotdown
2026-09-05 10:25:15,239 |INFO | app | Checking ML model file | path=ml/saved_model/iris_pipeline.pkl
2026-09-05 10:25:17,983 |INFO | app | Model.pkl is loaded Successfully
2026-09-05 10:25:17,983 |INFO | app | accuracy.pkl is loaded Successfully
2026-09-05 10:25:18,089 |INFO | app | Model is shotdown
2026-09-05 10:25:21,655 |INFO | app | Checking ML model file | path=ml/saved_model/iris_pipeline.pkl
2026-09-05 10:25:25,453 |INFO | app | Model.pkl is loaded Successfully
2026-09-05 10:25:25,455 |INFO | app | accuracy.pkl is loaded Successfully
2026-09-05 10:25:27,619 |INFO | app | Model is shotdown
2026-09-05 10:25:31,124 |INFO | app | Checking ML model file | path=ml/saved_model/iris_pipeline.pkl
2026-09-05 10:25:35,651 |INFO | app | Model.pkl is loaded Successfully
2026-09-05 10:25:35,652 |INFO | app | accuracy.pkl is loaded Successfully
2026-09-05 10:26:01,206 |INFO | app | Model is shotdown
2026-09-05 10:26:05,453 |INFO | app | Checking ML model file | path=ml/saved_model/iris_pipeline.pkl
2026-09-05 10:26:12,455 |INFO | app | Model.pkl is loaded Successfully
2026-09-05 10:26:12,457 |INFO | app | accuracy.pkl is loaded Successfully
2026-09-05 10:26:12,562 |INFO | app | Model is shotdown
2026-09-05 10:26:16,027 |INFO | app | Checking ML model file | path=ml/saved_model/iris_pipeline.pkl
2026-09-05 10:26:19,071 |INFO | app | Model.pkl is loaded Successfully
2026-09-05 10:26:19,071 |INFO | app | accuracy.pkl is loaded Successfully
2026-09-05 10:26:19,173 |INFO | app | Model is shotdown
2026-09-05 10:26:23,467 |INFO | app | Checking ML model file | path=ml/saved_model/iris_pipeline.pkl
2026-09-05 10:26:26,686 |INFO | app | Model.pkl is loaded Successfully
2026-09-05 10:26:26,686 |INFO | app | accuracy.pkl is loaded Successfully
2026-09-05 10:26:26,799 |INFO | app | Model is shotdown
2026-09-05 10:26:30,359 |INFO | app | Checking ML model file | path=ml/saved_model/iris_pipeline.pkl
2026-09-05 10:26:33,186 |INFO | app | Model.pkl is loaded Successfully
2026-09-05 10:26:33,186 |INFO | app | accuracy.pkl is loaded Successfully
2026-09-05 10:26:33,739 |INFO | app | Model is shotdown
2026-09-05 10:26:37,399 |INFO | app | Checking ML model file | path=ml/saved_model/iris_pipeline.pkl
2026-09-05 10:26:42,962 |INFO | app | Model.pkl is loaded Successfully
2026-09-05 10:26:42,965 |INFO | app | accuracy.pkl is loaded Successfully
2026-09-05 10:26:43,086 |INFO | app | Model is shotdown
2026-09-05 10:26:46,760 |INFO | app | Checking ML model file | path=ml/saved_model/iris_pipeline.pkl
2026-09-05 10:26:49,736 |INFO | app | Model.pkl is loaded Successfully
2026-09-05 10:26:49,738 |INFO | app | accuracy.pkl is loaded Successfully
2026-09-05 10:26:49,851 |INFO | app | Model is shotdown
2026-09-05 10:26:54,187 |INFO | app | Checking ML model file | path=ml/saved_model/iris_pipeline.pkl
2026-09-05 10:26:58,020 |INFO | app | Model.pkl is loaded Successfully
2026-09-05 10:26:58,022 |INFO | app | accuracy.pkl is loaded Successfully
2026-09-05 10:26:58,125 |INFO | app | Model is shotdown
2026-09-05 10:27:02,352 |INFO | app | Checking ML model file | path=ml/saved_model/iris_pipeline.pkl
2026-09-05 10:27:05,608 |INFO | app | Model.pkl is loaded Successfully
2026-09-05 10:27:05,608 |INFO | app | accuracy.pkl is loaded Successfully
2026-09-05 10:27:11,930 |INFO | app | Model is shotdown
2026-09-05 10:27:15,820 |INFO | app | Checking ML model file | path=ml/saved_model/iris_pipeline.pkl
2026-09-05 10:27:18,566 |INFO | app | Model.pkl is loaded Successfully
2026-09-05 10:27:18,567 |INFO | app | accuracy.pkl is loaded Successfully
2026-09-05 10:27:18,683 |INFO | app | Model is shotdown
2026-09-05 10:27:22,216 |INFO | app | Checking ML model file | path=ml/saved_model/iris_pipeline.pkl
2026-09-05 10:27:26,618 |INFO | app | Model.pkl is loaded Successfully
2026-09-05 10:27:26,620 |INFO | app | accuracy.pkl is loaded Successfully
2026-09-05 10:27:26,732 |INFO | app | Model is shotdown
2026-09-05 10:27:31,044 |INFO | app | Checking ML model file | path=ml/saved_model/iris_pipeline.pkl
2026-09-05 10:27:35,372 |INFO | app | Model.pkl is loaded Successfully
2026-09-05 10:27:35,373 |INFO | app | accuracy.pkl is loaded Successfully
2026-09-05 10:27:35,492 |INFO | app | Model is shotdown
2026-09-05 10:27:39,569 |INFO | app | Checking ML model file | path=ml/saved_model/iris_pipeline.pkl
2026-09-05 10:27:42,460 |INFO | app | Model.pkl is loaded Successfully
2026-09-05 10:27:42,460 |INFO | app | accuracy.pkl is loaded Successfully
2026-09-05 10:28:17,614 |INFO | app | Model is shotdown
2026-09-05 10:28:20,560 |INFO | app | Checking ML model file | path=ml/saved_model/iris_pipeline.pkl
2026-09-05 10:28:24,051 |INFO | app | Model.pkl is loaded Successfully
2026-09-05 10:28:24,053 |INFO | app | accuracy.pkl is loaded Successfully
2026-09-05 10:28:24,161 |INFO | app | Model is shotdown
2026-09-05 10:28:28,226 |INFO | app | Checking ML model file | path=ml/saved_model/iris_pipeline.pkl
2026-09-05 10:28:31,298 |INFO | app | Model.pkl is loaded Successfully
2026-09-05 10:28:31,303 |INFO | app | accuracy.pkl is loaded Successfully
2026-09-05 10:29:51,659 |INFO | app | Model is shotdown
2026-09-05 10:29:57,551 |INFO | app | Checking ML model file | path=ml/saved_model/iris_pipeline.pkl
2026-09-05 10:30:01,846 |INFO | app | Model.pkl is loaded Successfully
2026-09-05 10:30:01,846 |INFO | app | accuracy.pkl is loaded Successfully
2026-09-05 10:30:01,960 |INFO | app | Model is shotdown
2026-09-05 10:30:07,426 |INFO | app | Checking ML model file | path=ml/saved_model/iris_pipeline.pkl
2026-09-05 10:30:10,749 |INFO | app | Model.pkl is loaded Successfully
2026-09-05 10:30:10,750 |INFO | app | accuracy.pkl is loaded Successfully
2026-09-05 10:30:13,288 |INFO | app | Model is shotdown
2026-09-05 10:30:16,773 |INFO | app | Checking ML model file | path=ml/saved_model/iris_pipeline.pkl
2026-09-05 10:30:20,310 |INFO | app | Model.pkl is loaded Successfully
2026-09-05 10:30:20,313 |INFO | app | accuracy.pkl is loaded Successfully
2026-09-05 10:30:20,414 |INFO | app | Model is shotdown
2026-09-05 10:30:24,395 |INFO | app | Checking ML model file | path=ml/saved_model/iris_pipeline.pkl
2026-09-05 10:30:27,398 |INFO | app | Model.pkl is loaded Successfully
2026-09-05 10:30:27,400 |INFO | app | accuracy.pkl is loaded Successfully
2026-09-05 10:34:38,679 |INFO | app | Model is shotdown
2026-09-05 10:34:43,026 |INFO | app | Checking ML model file | path=ml/saved_model/iris_pipeline.pkl
2026-09-05 10:34:46,468 |INFO | app | Model.pkl is loaded Successfully
2026-09-05 10:34:46,468 |INFO | app | accuracy.pkl is loaded Successfully
2026-09-05 10:34:46,579 |INFO | app | Model is shotdown
2026-09-05 10:34:50,003 |INFO | app | Checking ML model file | path=ml/saved_model/iris_pipeline.pkl
2026-09-05 10:34:59,367 |INFO | app | Model.pkl is loaded Successfully
2026-09-05 10:34:59,383 |INFO | app | accuracy.pkl is loaded Successfully
2026-09-05 10:34:59,510 |INFO | app | Model is shotdown
2026-09-05 10:35:09,090 |INFO | app | Checking ML model file | path=ml/saved_model/iris_pipeline.pkl
2026-09-05 10:35:13,957 |INFO | app | Model.pkl is loaded Successfully
2026-09-05 10:35:13,957 |INFO | app | accuracy.pkl is loaded Successfully
2026-09-05 10:38:07,333 |INFO | app | Request Recived |request_id=c929c68c-4c59-429e-8dd3-75ac5e8cacd1 |method=GET |path=/api/v1/model-info 
2026-09-05 10:38:07,359 |INFO | app | Response Sent |request_id=c929c68c-4c59-429e-8dd3-75ac5e8cacd1 |request_method=GET |path=/api/v1/model-info |response_time=0.0259101998526603 
2026-09-05 10:38:56,251 |INFO | app | Model is shotdown
2026-09-05 10:38:59,690 |INFO | app | Checking ML model file | path=ml/saved_model/iris_pipeline.pkl
2026-09-05 10:39:03,272 |INFO | app | Model.pkl is loaded Successfully
2026-09-05 10:39:03,272 |INFO | app | accuracy.pkl is loaded Successfully
2026-09-05 10:39:03,386 |INFO | app | Model is shotdown
2026-09-05 10:39:07,845 |INFO | app | Checking ML model file | path=ml/saved_model/iris_pipeline.pkl
2026-09-05 10:39:10,724 |INFO | app | Model.pkl is loaded Successfully
2026-09-05 10:39:10,725 |INFO | app | accuracy.pkl is loaded Successfully
2026-09-05 10:39:16,300 |INFO | app | Model is shotdown
2026-09-05 10:39:19,984 |INFO | app | Checking ML model file | path=ml/saved_model/iris_pipeline.pkl
2026-09-05 10:39:25,784 |INFO | app | Model.pkl is loaded Successfully
2026-09-05 10:39:25,784 |INFO | app | accuracy.pkl is loaded Successfully
2026-09-05 10:39:25,896 |INFO | app | Model is shotdown
2026-09-05 10:39:30,528 |INFO | app | Checking ML model file | path=ml/saved_model/iris_pipeline.pkl
2026-09-05 10:39:33,598 |INFO | app | Model.pkl is loaded Successfully
2026-09-05 10:39:33,600 |INFO | app | accuracy.pkl is loaded Successfully
2026-09-05 10:39:33,714 |INFO | app | Model is shotdown
2026-09-05 10:39:36,935 |INFO | app | Checking ML model file | path=ml/saved_model/iris_pipeline.pkl
2026-09-05 10:39:40,115 |INFO | app | Model.pkl is loaded Successfully
2026-09-05 10:39:40,116 |INFO | app | accuracy.pkl is loaded Successfully
2026-09-05 10:39:53,429 |INFO | app | Model is shotdown
2026-09-05 10:39:56,967 |INFO | app | Checking ML model file | path=ml/saved_model/iris_pipeline.pkl
2026-09-05 10:40:00,139 |INFO | app | Model.pkl is loaded Successfully
2026-09-05 10:40:00,139 |INFO | app | accuracy.pkl is loaded Successfully
2026-09-05 10:40:00,244 |INFO | app | Model is shotdown
2026-09-05 10:40:03,778 |INFO | app | Checking ML model file | path=ml/saved_model/iris_pipeline.pkl
2026-09-05 10:40:06,328 |INFO | app | Model.pkl is loaded Successfully
2026-09-05 10:40:06,329 |INFO | app | accuracy.pkl is loaded Successfully
2026-09-05 10:40:28,383 |INFO | app | Model is shotdown
2026-09-05 10:40:32,100 |INFO | app | Checking ML model file | path=ml/saved_model/iris_pipeline.pkl
2026-09-05 10:40:35,160 |INFO | app | Model.pkl is loaded Successfully
2026-09-05 10:40:35,160 |INFO | app | accuracy.pkl is loaded Successfully
2026-09-05 10:41:43,375 |INFO | app | Model is shotdown
2026-09-05 10:41:46,530 |INFO | app | Checking ML model file | path=ml/saved_model/iris_pipeline.pkl
2026-09-05 10:41:49,426 |INFO | app | Model.pkl is loaded Successfully
2026-09-05 10:41:49,428 |INFO | app | accuracy.pkl is loaded Successfully
2026-09-05 10:41:49,539 |INFO | app | Model is shotdown
2026-09-05 10:41:54,447 |INFO | app | Checking ML model file | path=ml/saved_model/iris_pipeline.pkl
2026-09-05 10:41:56,901 |INFO | app | Model.pkl is loaded Successfully
2026-09-05 10:41:56,901 |INFO | app | accuracy.pkl is loaded Successfully
2026-09-05 10:41:57,008 |INFO | app | Model is shotdown
2026-09-05 10:42:01,352 |INFO | app | Checking ML model file | path=ml/saved_model/iris_pipeline.pkl
2026-09-05 10:42:12,763 |INFO | app | Model.pkl is loaded Successfully
2026-09-05 10:42:12,766 |INFO | app | accuracy.pkl is loaded Successfully
2026-09-05 10:42:12,874 |INFO | app | Model is shotdown
2026-09-05 10:42:21,152 |INFO | app | Checking ML model file | path=ml/saved_model/iris_pipeline.pkl
2026-09-05 10:42:25,051 |INFO | app | Model.pkl is loaded Successfully
2026-09-05 10:42:25,051 |INFO | app | accuracy.pkl is loaded Successfully
2026-09-05 10:42:25,155 |INFO | app | Model is shotdown
2026-09-05 10:42:32,606 |INFO | app | Checking ML model file | path=ml/saved_model/iris_pipeline.pkl
2026-09-05 10:42:35,736 |INFO | app | Model.pkl is loaded Successfully
2026-09-05 10:42:35,736 |INFO | app | accuracy.pkl is loaded Successfully
2026-09-05 10:42:55,310 |INFO | app | Model is shotdown
2026-09-05 10:42:58,728 |INFO | app | Checking ML model file | path=ml/saved_model/iris_pipeline.pkl
2026-09-05 10:43:01,786 |INFO | app | Model.pkl is loaded Successfully
2026-09-05 10:43:01,786 |INFO | app | accuracy.pkl is loaded Successfully
2026-09-05 10:43:01,903 |INFO | app | Model is shotdown
2026-09-05 10:43:05,749 |INFO | app | Checking ML model file | path=ml/saved_model/iris_pipeline.pkl
2026-09-05 10:43:08,061 |INFO | app | Model.pkl is loaded Successfully
2026-09-05 10:43:08,063 |INFO | app | accuracy.pkl is loaded Successfully
2026-09-05 10:45:30,726 |INFO | app | Model is shotdown
2026-09-05 10:45:38,141 |INFO | app | Checking ML model file | path=ml/saved_model/iris_pipeline.pkl
2026-09-05 10:45:43,540 |INFO | app | Model.pkl is loaded Successfully
2026-09-05 10:45:43,540 |INFO | app | accuracy.pkl is loaded Successfully
2026-09-05 10:45:58,394 |INFO | app | Model is shotdown
2026-09-05 10:46:02,818 |INFO | app | Checking ML model file | path=ml/saved_model/iris_pipeline.pkl
2026-09-05 10:46:06,242 |INFO | app | Model.pkl is loaded Successfully
2026-09-05 10:46:06,243 |INFO | app | accuracy.pkl is loaded Successfully
2026-09-05 10:46:57,120 |INFO | app | Model is shotdown
2026-09-05 10:47:00,447 |INFO | app | Checking ML model file | path=ml/saved_model/iris_pipeline.pkl
2026-09-05 10:47:04,204 |INFO | app | Model.pkl is loaded Successfully
2026-09-05 10:47:04,204 |INFO | app | accuracy.pkl is loaded Successfully
2026-09-05 10:47:04,314 |INFO | app | Model is shotdown
2026-09-05 10:47:08,379 |INFO | app | Checking ML model file | path=ml/saved_model/iris_pipeline.pkl
2026-09-05 10:47:11,632 |INFO | app | Model.pkl is loaded Successfully
2026-09-05 10:47:11,634 |INFO | app | accuracy.pkl is loaded Successfully
2026-09-05 10:47:11,743 |INFO | app | Model is shotdown
2026-09-05 10:47:17,205 |INFO | app | Checking ML model file | path=ml/saved_model/iris_pipeline.pkl
2026-09-05 10:47:20,318 |INFO | app | Model.pkl is loaded Successfully
2026-09-05 10:47:20,318 |INFO | app | accuracy.pkl is loaded Successfully
2026-09-05 10:47:44,482 |INFO | app | Model is shotdown
2026-09-05 10:47:47,681 |INFO | app | Checking ML model file | path=ml/saved_model/iris_pipeline.pkl
2026-09-05 10:47:50,658 |INFO | app | Model.pkl is loaded Successfully
2026-09-05 10:47:50,658 |INFO | app | accuracy.pkl is loaded Successfully
2026-09-05 10:48:20,423 |INFO | app | Model is shotdown
2026-09-05 10:48:25,025 |INFO | app | Checking ML model file | path=ml/saved_model/iris_pipeline.pkl
2026-09-05 10:48:28,069 |INFO | app | Model.pkl is loaded Successfully
2026-09-05 10:48:28,069 |INFO | app | accuracy.pkl is loaded Successfully
2026-09-05 10:48:28,179 |INFO | app | Model is shotdown
2026-09-05 10:48:31,597 |INFO | app | Checking ML model file | path=ml/saved_model/iris_pipeline.pkl
2026-09-05 10:48:34,855 |INFO | app | Model.pkl is loaded Successfully
2026-09-05 10:48:34,857 |INFO | app | accuracy.pkl is loaded Successfully
2026-09-05 10:48:55,854 |INFO | app | Model is shotdown
2026-09-05 10:48:59,568 |INFO | app | Checking ML model file | path=ml/saved_model/iris_pipeline.pkl
2026-09-05 10:49:03,572 |INFO | app | Model.pkl is loaded Successfully
2026-09-05 10:49:03,572 |INFO | app | accuracy.pkl is loaded Successfully
2026-09-05 10:49:03,686 |INFO | app | Model is shotdown
2026-09-05 10:49:07,795 |INFO | app | Checking ML model file | path=ml/saved_model/iris_pipeline.pkl
2026-09-05 10:49:10,998 |INFO | app | Model.pkl is loaded Successfully
2026-09-05 10:49:10,998 |INFO | app | accuracy.pkl is loaded Successfully
2026-09-05 10:49:11,108 |INFO | app | Model is shotdown
2026-09-05 10:49:14,687 |INFO | app | Checking ML model file | path=ml/saved_model/iris_pipeline.pkl
2026-09-05 10:49:17,426 |INFO | app | Model.pkl is loaded Successfully
2026-09-05 10:49:17,434 |INFO | app | accuracy.pkl is loaded Successfully
2026-09-05 10:51:43,434 |INFO | app | Model is shotdown
2026-09-05 10:51:55,322 |INFO | app | Checking ML model file | path=ml/saved_model/iris_pipeline.pkl
2026-09-05 10:52:07,313 |INFO | app | Model.pkl is loaded Successfully
2026-09-05 10:52:07,335 |INFO | app | accuracy.pkl is loaded Successfully
2026-09-05 10:52:07,446 |INFO | app | Model is shotdown
2026-09-05 10:52:14,475 |INFO | app | Checking ML model file | path=ml/saved_model/iris_pipeline.pkl
2026-09-05 10:52:23,505 |INFO | app | Model.pkl is loaded Successfully
2026-09-05 10:52:23,505 |INFO | app | accuracy.pkl is loaded Successfully
2026-09-05 10:52:23,610 |INFO | app | Model is shotdown
2026-09-05 10:52:29,223 |INFO | app | Checking ML model file | path=ml/saved_model/iris_pipeline.pkl
2026-09-05 10:52:39,873 |INFO | app | Model.pkl is loaded Successfully
2026-09-05 10:52:39,875 |INFO | app | accuracy.pkl is loaded Successfully
2026-09-05 10:53:19,772 |INFO | app | Model is shotdown
2026-09-05 10:53:27,381 |INFO | app | Checking ML model file | path=ml/saved_model/iris_pipeline.pkl
2026-09-05 10:53:34,193 |INFO | app | Model.pkl is loaded Successfully
2026-09-05 10:53:34,196 |INFO | app | accuracy.pkl is loaded Successfully
2026-09-05 10:53:34,304 |INFO | app | Model is shotdown
2026-09-05 10:53:37,688 |INFO | app | Checking ML model file | path=ml/saved_model/iris_pipeline.pkl
2026-09-05 10:53:40,343 |INFO | app | Model.pkl is loaded Successfully
2026-09-05 10:53:40,344 |INFO | app | accuracy.pkl is loaded Successfully
2026-09-05 10:53:40,482 |INFO | app | Request Recived |request_id=87a2ebee-a0fb-4aa5-9f5b-627035c56c30 |method=GET |path=/api/v1/model-info 
2026-09-05 10:53:40,589 |INFO | app | Response Sent |request_id=87a2ebee-a0fb-4aa5-9f5b-627035c56c30 |request_method=GET |path=/api/v1/model-info |response_time=0.10610469989478588 
2026-09-05 10:54:06,125 |INFO | app | Model is shotdown
2026-09-05 10:54:11,414 |INFO | app | Checking ML model file | path=ml/saved_model/iris_pipeline.pkl
2026-09-05 10:54:14,040 |INFO | app | Model.pkl is loaded Successfully
2026-09-05 10:54:14,041 |INFO | app | accuracy.pkl is loaded Successfully
2026-09-05 10:55:52,237 |INFO | app | Model is shotdown
2026-09-05 10:56:02,188 |INFO | app | Checking ML model file | path=ml/saved_model/iris_pipeline.pkl
2026-09-05 10:56:02,188 |WARNING | app | Model.pkl is not loaded
2026-09-05 10:56:02,188 |INFO | app | accuracy.pkl is loaded Successfully
2026-09-05 10:57:27,083 |INFO | app | Model is shotdown
2026-09-05 10:57:33,062 |INFO | app | Checking ML model file | path=ml/saved_model/iris_pipeline.pkl
2026-09-05 10:57:35,879 |INFO | app | Model.pkl is loaded Successfully
2026-09-05 10:57:35,881 |INFO | app | accuracy.pkl is loaded Successfully
2026-09-05 10:59:04,192 |INFO | app | Model is shotdown
2026-09-05 10:59:06,916 |INFO | app | Checking ML model file | path=ml/saved_model/iris_pipeline.pkl
2026-09-05 10:59:10,841 |INFO | app | Model.pkl is loaded Successfully
2026-09-05 10:59:10,843 |INFO | app | accuracy.pkl is loaded Successfully
2026-09-05 10:59:14,277 |INFO | app | Model is shotdown
2026-09-05 10:59:17,277 |INFO | app | Checking ML model file | path=ml/saved_model/iris_pipeline.pkl
2026-09-05 10:59:20,539 |INFO | app | Model.pkl is loaded Successfully
2026-09-05 10:59:20,540 |INFO | app | accuracy.pkl is loaded Successfully
2026-09-05 10:59:20,646 |INFO | app | Model is shotdown
2026-09-05 10:59:26,375 |INFO | app | Checking ML model file | path=ml/saved_model/iris_pipeline.pkl
2026-09-05 10:59:30,719 |INFO | app | Model.pkl is loaded Successfully
2026-09-05 10:59:30,719 |INFO | app | accuracy.pkl is loaded Successfully
2026-09-05 10:59:40,262 |INFO | app | Model is shotdown
2026-09-05 10:59:43,146 |INFO | app | Checking ML model file | path=ml/saved_model/iris_pipeline.pkl
2026-09-05 10:59:45,977 |INFO | app | Model.pkl is loaded Successfully
2026-09-05 10:59:45,977 |INFO | app | accuracy.pkl is loaded Successfully
2026-09-05 10:59:46,090 |INFO | app | Model is shotdown
2026-09-05 10:59:49,307 |INFO | app | Checking ML model file | path=ml/saved_model/iris_pipeline.pkl
2026-09-05 10:59:51,672 |INFO | app | Model.pkl is loaded Successfully
2026-09-05 10:59:51,673 |INFO | app | accuracy.pkl is loaded Successfully
2026-09-05 11:00:09,826 |INFO | app | Model is shotdown
2026-09-05 11:00:17,505 |INFO | app | Checking ML model file | path=ml/saved_model/iris_pipeline.pkl
2026-09-05 11:00:20,168 |INFO | app | Model.pkl is loaded Successfully
2026-09-05 11:00:20,168 |INFO | app | accuracy.pkl is loaded Successfully
2026-09-05 11:01:16,610 |INFO | app | Model is shotdown
2026-09-05 11:01:20,217 |INFO | app | Checking ML model file | path=ml/saved_model/iris_pipeline.pkl
2026-09-05 11:01:20,218 |WARNING | app | Model.pkl is not loaded
2026-09-05 11:01:20,219 |INFO | app | accuracy.pkl is loaded Successfully
2026-09-05 11:01:55,672 |INFO | app | Model is shotdown
2026-09-05 11:02:01,372 |INFO | app | Checking ML model file | path=ml/saved_model/iris_pipeline.pkl
2026-09-05 11:02:03,687 |INFO | app | Model.pkl is loaded Successfully
2026-09-05 11:02:03,687 |INFO | app | accuracy.pkl is loaded Successfully
2026-09-05 11:03:00,556 |INFO | app | Model is shotdown
2026-09-05 11:03:10,355 |INFO | app | Checking ML model file | path=ml/saved_model/iris_pipeline.pkl
2026-09-05 11:03:16,291 |INFO | app | Model.pkl is loaded Successfully
2026-09-05 11:03:16,294 |INFO | app | accuracy.pkl is loaded Successfully
2026-09-05 11:03:38,520 |INFO | app | Model is shotdown
2026-09-05 11:03:41,692 |INFO | app | Checking ML model file | path=ml/saved_model/iris_pipeline.pkl
2026-09-05 11:03:44,174 |INFO | app | Model.pkl is loaded Successfully
2026-09-05 11:03:44,174 |INFO | app | accuracy.pkl is loaded Successfully
2026-09-05 11:29:00,306 |INFO | app | Model is shotdown
2026-09-05 11:44:33,912 |INFO | app | Checking ML model file | path=ml/saved_model/iris_pipeline.pkl
2026-09-05 11:44:42,653 |INFO | app | Model.pkl is loaded Successfully
2026-09-05 11:44:42,688 |INFO | app | accuracy.pkl is loaded Successfully
2026-09-05 11:44:53,370 |INFO | app | Model is shotdown
2026-09-05 11:44:59,122 |INFO | app | Checking ML model file | path=ml/saved_model/iris_pipeline.pkl
2026-09-05 11:45:01,528 |INFO | app | Model.pkl is loaded Successfully
2026-09-05 11:45:01,528 |INFO | app | accuracy.pkl is loaded Successfully
2026-09-05 11:45:14,387 |INFO | app | Request Recived |request_id=81b7be7d-760e-46e1-ae80-d85d99c9eefe |method=GET |path=/ 
2026-09-05 11:45:14,405 |INFO | app | Response Sent |request_id=81b7be7d-760e-46e1-ae80-d85d99c9eefe |request_method=GET |path=/ |response_time=0.011954500107094646 
2026-09-05 11:45:19,507 |INFO | app | Request Recived |request_id=b110637c-0014-4fe4-942c-20ac1b892139 |method=GET |path=/dcs 
2026-09-05 11:45:19,511 |INFO | app | Response Sent |request_id=b110637c-0014-4fe4-942c-20ac1b892139 |request_method=GET |path=/dcs |response_time=0.004147399915382266 
2026-09-05 11:45:26,463 |INFO | app | Request Recived |request_id=e532610a-d7a3-4e68-8197-0e34039d5f69 |method=GET |path=/docs 
2026-09-05 11:45:26,466 |INFO | app | Response Sent |request_id=e532610a-d7a3-4e68-8197-0e34039d5f69 |request_method=GET |path=/docs |response_time=0.003102799877524376 
2026-09-05 11:45:26,818 |INFO | app | Request Recived |request_id=78199a1f-734d-4d7e-8c74-22cb697db2da |method=GET |path=/openapi.json 
2026-09-05 11:45:27,032 |INFO | app | Response Sent |request_id=78199a1f-734d-4d7e-8c74-22cb697db2da |request_method=GET |path=/openapi.json |response_time=0.21362309996038675 
2026-09-05 11:46:31,981 |INFO | app | Model is shotdown
2026-09-05 11:47:07,243 |INFO | app | Checking ML model file | path=ml/saved_model/iris_pipeline.pkl
2026-09-05 11:47:17,041 |INFO | app | Model.pkl is loaded Successfully
2026-09-05 11:47:17,067 |INFO | app | accuracy.pkl is loaded Successfully
2026-09-05 11:47:17,167 |INFO | app | Model is shotdown
2026-09-05 11:47:23,485 |INFO | app | Checking ML model file | path=ml/saved_model/iris_pipeline.pkl
2026-09-05 11:47:26,191 |INFO | app | Model.pkl is loaded Successfully
2026-09-05 11:47:26,191 |INFO | app | accuracy.pkl is loaded Successfully
2026-09-05 11:47:26,286 |INFO | app | Request Recived |request_id=0670b48a-d3be-4ae3-bfd1-d99190152bc0 |method=GET |path=/docs 
2026-09-05 11:47:26,286 |INFO | app | Response Sent |request_id=0670b48a-d3be-4ae3-bfd1-d99190152bc0 |request_method=GET |path=/docs |response_time=0.0017411001026630402 
2026-09-05 11:47:26,803 |INFO | app | Request Recived |request_id=4ee5e055-09df-485a-b9fd-16b5b7ae8e7f |method=GET |path=/openapi.json 
2026-09-05 11:47:26,872 |INFO | app | Response Sent |request_id=4ee5e055-09df-485a-b9fd-16b5b7ae8e7f |request_method=GET |path=/openapi.json |response_time=0.06799110001884401 
2026-09-05 11:47:52,052 |INFO | app | Request Recived |request_id=3fb08576-6a8a-4d6e-ab23-ae14b5722964 |method=POST |path=/api/v2/predict 
2026-09-05 11:48:40,329 |INFO | app | Model is shotdown
2026-09-05 11:48:48,220 |INFO | app | Checking ML model file | path=ml/saved_model/iris_pipeline.pkl
2026-09-05 11:48:54,006 |INFO | app | Model.pkl is loaded Successfully
2026-09-05 11:48:54,006 |INFO | app | accuracy.pkl is loaded Successfully
2026-09-05 11:49:01,854 |INFO | app | Request Recived |request_id=e5467e68-39f2-4460-bd92-04fcca362103 |method=POST |path=/api/v2/predict 
2026-09-05 11:49:25,947 |INFO | app | Model is shotdown
2026-09-05 11:49:30,253 |INFO | app | Checking ML model file | path=ml/saved_model/iris_pipeline.pkl
2026-09-05 11:49:33,693 |INFO | app | Model.pkl is loaded Successfully
2026-09-05 11:49:33,693 |INFO | app | accuracy.pkl is loaded Successfully
2026-09-05 11:49:38,228 |INFO | app | Request Recived |request_id=e25dd215-a5a1-43e8-9fac-4c5027d93f84 |method=POST |path=/api/v2/predict 
2026-09-05 11:49:38,489 |INFO | app | Response Sent |request_id=e25dd215-a5a1-43e8-9fac-4c5027d93f84 |request_method=POST |path=/api/v2/predict |response_time=0.2609618999995291 
2026-09-05 11:50:16,463 |INFO | app | Model is shotdown
2026-09-05 11:50:38,466 |INFO | app | Checking ML model file | path=ml/saved_model/iris_pipeline.pkl
2026-09-05 11:50:48,163 |INFO | app | Model.pkl is loaded Successfully
2026-09-05 11:50:48,181 |INFO | app | accuracy.pkl is loaded Successfully
2026-09-05 11:50:48,290 |INFO | app | Model is shotdown
2026-09-05 11:50:54,251 |INFO | app | Checking ML model file | path=ml/saved_model/iris_pipeline.pkl
2026-09-05 11:50:57,514 |INFO | app | Model.pkl is loaded Successfully
2026-09-05 11:50:57,515 |INFO | app | accuracy.pkl is loaded Successfully
2026-09-05 11:50:57,646 |INFO | app | Model is shotdown
2026-09-05 11:51:01,631 |INFO | app | Checking ML model file | path=ml/saved_model/iris_pipeline.pkl
2026-09-05 11:51:04,940 |INFO | app | Model.pkl is loaded Successfully
2026-09-05 11:51:05,044 |INFO | app | accuracy.pkl is loaded Successfully
2026-09-05 11:56:31,665 |INFO | app | Model is shotdown
2026-09-05 11:56:50,362 |INFO | app | Checking ML model file | path=ml/saved_model/iris_pipeline.pkl
2026-09-05 11:57:05,790 |INFO | app | Model.pkl is loaded Successfully
2026-09-05 11:57:05,809 |INFO | app | accuracy.pkl is loaded Successfully
2026-09-05 11:57:05,964 |INFO | app | Model is shotdown
2026-09-05 11:57:18,653 |INFO | app | Checking ML model file | path=ml/saved_model/iris_pipeline.pkl
2026-09-05 11:57:28,804 |INFO | app | Model.pkl is loaded Successfully
2026-09-05 11:57:28,818 |INFO | app | accuracy.pkl is loaded Successfully
2026-09-05 11:57:28,974 |INFO | app | Model is shotdown
2026-09-05 11:57:39,141 |INFO | app | Checking ML model file | path=ml/saved_model/iris_pipeline.pkl
2026-09-05 11:57:49,468 |INFO | app | Model.pkl is loaded Successfully
2026-09-05 11:57:49,479 |INFO | app | accuracy.pkl is loaded Successfully
2026-09-05 11:57:49,611 |INFO | app | Model is shotdown
2026-09-05 11:58:04,313 |INFO | app | Checking ML model file | path=ml/saved_model/iris_pipeline.pkl
2026-09-05 11:58:12,569 |INFO | app | Model.pkl is loaded Successfully
2026-09-05 11:58:12,577 |INFO | app | accuracy.pkl is loaded Successfully
2026-09-05 11:58:12,716 |INFO | app | Model is shotdown
2026-09-05 11:58:18,312 |INFO | app | Checking ML model file | path=ml/saved_model/iris_pipeline.pkl
2026-09-05 11:58:21,617 |INFO | app | Model.pkl is loaded Successfully
2026-09-05 11:58:21,619 |INFO | app | accuracy.pkl is loaded Successfully
2026-09-05 11:58:21,736 |INFO | app | Model is shotdown
2026-09-05 11:58:26,678 |INFO | app | Checking ML model file | path=ml/saved_model/iris_pipeline.pkl
2026-09-05 11:58:30,068 |INFO | app | Model.pkl is loaded Successfully
2026-09-05 11:58:30,068 |INFO | app | accuracy.pkl is loaded Successfully
2026-09-05 11:58:30,174 |INFO | app | Model is shotdown
2026-09-05 11:58:33,551 |INFO | app | Checking ML model file | path=ml/saved_model/iris_pipeline.pkl
2026-09-05 11:58:37,569 |INFO | app | Model.pkl is loaded Successfully
2026-09-05 11:58:37,570 |INFO | app | accuracy.pkl is loaded Successfully
2026-09-05 11:58:38,087 |INFO | app | Model is shotdown
2026-09-05 11:58:42,220 |INFO | app | Checking ML model file | path=ml/saved_model/iris_pipeline.pkl
2026-09-05 11:58:44,529 |INFO | app | Model.pkl is loaded Successfully
2026-09-05 11:58:44,529 |INFO | app | accuracy.pkl is loaded Successfully
2026-09-05 11:58:54,071 |INFO | app | Model is shotdown
2026-09-05 11:59:05,707 |INFO | app | Checking ML model file | path=ml/saved_model/iris_pipeline.pkl
2026-09-05 11:59:11,612 |INFO | app | Model.pkl is loaded Successfully
2026-09-05 11:59:11,613 |INFO | app | accuracy.pkl is loaded Successfully
2026-09-05 11:59:11,718 |INFO | app | Model is shotdown
2026-09-05 11:59:16,039 |INFO | app | Checking ML model file | path=ml/saved_model/iris_pipeline.pkl
2026-09-05 11:59:20,886 |INFO | app | Model.pkl is loaded Successfully
2026-09-05 11:59:20,887 |INFO | app | accuracy.pkl is loaded Successfully
2026-09-05 11:59:21,000 |INFO | app | Model is shotdown
2026-09-05 11:59:26,795 |INFO | app | Checking ML model file | path=ml/saved_model/iris_pipeline.pkl
2026-09-05 11:59:30,782 |INFO | app | Model.pkl is loaded Successfully
2026-09-05 11:59:30,782 |INFO | app | accuracy.pkl is loaded Successfully
2026-09-05 11:59:34,930 |INFO | app | Model is shotdown
2026-09-05 11:59:38,582 |INFO | app | Checking ML model file | path=ml/saved_model/iris_pipeline.pkl
2026-09-05 11:59:44,832 |INFO | app | Model.pkl is loaded Successfully
2026-09-05 11:59:44,834 |INFO | app | accuracy.pkl is loaded Successfully
2026-09-05 11:59:44,939 |INFO | app | Model is shotdown
2026-09-05 11:59:48,511 |INFO | app | Checking ML model file | path=ml/saved_model/iris_pipeline.pkl
2026-09-05 11:59:51,293 |INFO | app | Model.pkl is loaded Successfully
2026-09-05 11:59:51,295 |INFO | app | accuracy.pkl is loaded Successfully
2026-09-05 11:59:51,509 |INFO | app | Model is shotdown
2026-09-05 11:59:54,765 |INFO | app | Checking ML model file | path=ml/saved_model/iris_pipeline.pkl
2026-09-05 11:59:57,941 |INFO | app | Model.pkl is loaded Successfully
2026-09-05 11:59:57,942 |INFO | app | accuracy.pkl is loaded Successfully
2026-09-05 12:00:02,561 |INFO | app | Model is shotdown
2026-09-05 12:00:05,981 |INFO | app | Checking ML model file | path=ml/saved_model/iris_pipeline.pkl
2026-09-05 12:00:10,598 |INFO | app | Model.pkl is loaded Successfully
2026-09-05 12:00:10,599 |INFO | app | accuracy.pkl is loaded Successfully
2026-09-05 12:00:10,711 |INFO | app | Model is shotdown
2026-09-05 12:00:15,333 |INFO | app | Checking ML model file | path=ml/saved_model/iris_pipeline.pkl
2026-09-05 12:00:19,176 |INFO | app | Model.pkl is loaded Successfully
2026-09-05 12:00:19,178 |INFO | app | accuracy.pkl is loaded Successfully
2026-09-05 12:00:19,293 |INFO | app | Model is shotdown
2026-09-05 12:00:23,620 |INFO | app | Checking ML model file | path=ml/saved_model/iris_pipeline.pkl
2026-09-05 12:00:26,685 |INFO | app | Model.pkl is loaded Successfully
2026-09-05 12:00:26,686 |INFO | app | accuracy.pkl is loaded Successfully
2026-09-05 12:00:26,792 |INFO | app | Model is shotdown
2026-09-05 12:00:30,684 |INFO | app | Checking ML model file | path=ml/saved_model/iris_pipeline.pkl
2026-09-05 12:00:33,841 |INFO | app | Model.pkl is loaded Successfully
2026-09-05 12:00:33,841 |INFO | app | accuracy.pkl is loaded Successfully
2026-09-05 12:00:33,972 |INFO | app | Model is shotdown
2026-09-05 12:00:40,868 |INFO | app | Checking ML model file | path=ml/saved_model/iris_pipeline.pkl
2026-09-05 12:00:44,832 |INFO | app | Model.pkl is loaded Successfully
2026-09-05 12:00:44,832 |INFO | app | accuracy.pkl is loaded Successfully
2026-09-05 12:00:44,942 |INFO | app | Model is shotdown
2026-09-05 12:00:50,541 |INFO | app | Checking ML model file | path=ml/saved_model/iris_pipeline.pkl
2026-09-05 12:00:54,977 |INFO | app | Model.pkl is loaded Successfully
2026-09-05 12:00:54,985 |INFO | app | accuracy.pkl is loaded Successfully
2026-09-05 12:03:11,564 |INFO | app | Model is shotdown
2026-09-05 12:03:18,940 |INFO | app | Checking ML model file | path=ml/saved_model/iris_pipeline.pkl
2026-09-05 12:03:24,094 |INFO | app | Model.pkl is loaded Successfully
2026-09-05 12:03:24,094 |INFO | app | accuracy.pkl is loaded Successfully
2026-09-05 12:05:47,384 |INFO | app | Model is shotdown
2026-09-05 12:05:51,464 |INFO | app | Checking ML model file | path=ml/saved_model/iris_pipeline.pkl
2026-09-05 12:05:54,615 |INFO | app | Model.pkl is loaded Successfully
2026-09-05 12:05:54,615 |INFO | app | accuracy.pkl is loaded Successfully
2026-09-05 13:16:58,543 |INFO | app | Model is shotdown
2026-09-05 13:17:20,456 |INFO | app | Checking ML model file | path=ml/saved_model/iris_pipeline.pkl
2026-09-05 13:17:46,011 |INFO | app | Model.pkl is loaded Successfully
2026-09-05 13:17:46,240 |INFO | app | accuracy.pkl is loaded Successfully
2026-09-05 14:01:23,946 |INFO | app | Model is shotdown
2026-09-05 14:01:57,411 |INFO | app | Checking ML model file | path=ml/saved_model/iris_pipeline.pkl
2026-09-05 14:02:07,036 |INFO | app | Model.pkl is loaded Successfully
2026-09-05 14:02:07,049 |INFO | app | accuracy.pkl is loaded Successfully
2026-09-05 21:09:37,185 |INFO | app | Checking ML model file | path=ml/saved_model/iris_pipeline.pkl
2026-09-05 21:09:46,626 |INFO | app | Model.pkl is loaded Successfully
2026-09-05 21:09:46,626 |INFO | app | accuracy.pkl is loaded Successfully
2026-09-05 21:10:30,600 |INFO | app | Request Recived |request_id=d9a10373-de14-4598-9d9c-5fcb0243d07d |method=POST |path=/api/v1/predict 
2026-09-05 21:10:31,006 |INFO | app | Response Sent |request_id=d9a10373-de14-4598-9d9c-5fcb0243d07d |request_method=POST |path=/api/v1/predict |response_time=0.4061278000008315 
2026-09-08 11:13:13,556 |INFO | app | Checking ML model file | path=ml/saved_model/iris_pipeline.pkl
2026-09-08 11:13:37,741 |INFO | app | Model.pkl is loaded Successfully
2026-09-08 11:13:37,759 |INFO | app | accuracy.pkl is loaded Successfully
2026-09-08 11:13:42,248 |INFO | app | Request Recived |request_id=b4cc9b63-0020-41cc-a8e4-2cc83f7dbf21 |method=POST |path=/api/v1/predict 
2026-09-08 11:13:42,703 |INFO | app | Response Sent |request_id=b4cc9b63-0020-41cc-a8e4-2cc83f7dbf21 |request_method=POST |path=/api/v1/predict |response_time=0.46056259982287884 
2026-09-08 11:15:41,547 |INFO | app | Model is shotdown
2026-09-08 11:17:58,767 |INFO | app | Checking ML model file | path=ml/saved_model/iris_pipeline.pkl
2026-09-08 11:17:58,864 |ERROR | app | Model.pkl is not loaded
NoneType: None
2026-09-08 11:17:58,864 |INFO | app | accuracy.pkl is loaded Successfully
2026-09-08 11:18:01,657 |INFO | app | Request Recived |request_id=c4f2d165-f1e8-4ef8-9a10-f49476d38f5d |method=GET |path=/api/v1/health 
2026-09-08 11:18:01,668 |INFO | app | Prediction service is available
2026-09-08 11:18:01,689 |INFO | app | Response Sent |request_id=c4f2d165-f1e8-4ef8-9a10-f49476d38f5d |request_method=GET |path=/api/v1/health |response_time=0.031876099994406104 
2026-09-08 11:18:05,693 |INFO | app | Request Recived |request_id=26480e0f-e376-4050-a71d-5d446db23f55 |method=GET |path=/api/v1/health 
2026-09-08 11:18:05,695 |INFO | app | Prediction service is available
2026-09-08 11:18:05,699 |INFO | app | Response Sent |request_id=26480e0f-e376-4050-a71d-5d446db23f55 |request_method=GET |path=/api/v1/health |response_time=0.0062338002026081085 
2026-09-08 11:18:26,375 |INFO | app | Model is shotdown
2026-09-08 11:18:29,752 |INFO | app | Checking ML model file | path=ml/saved_model/iris_pipeline.pkl
2026-09-08 11:18:29,752 |ERROR | app | Model.pkl is not loaded
NoneType: None
2026-09-08 11:18:29,754 |INFO | app | accuracy.pkl is loaded Successfully
2026-09-08 11:18:40,290 |INFO | app | Request Recived |request_id=e738893e-4b12-4079-8095-83b20240443d |method=GET |path=/api/v1/health 
2026-09-08 11:18:40,307 |WARNING | app | PKL file is not active |method=GET|path=/api/v1/health|
2026-09-08 11:18:40,309 |INFO | app | Response Sent |request_id=e738893e-4b12-4079-8095-83b20240443d |request_method=GET |path=/api/v1/health |response_time=0.013136900030076504 
2026-09-08 11:19:01,719 |INFO | app | Model is shotdown
2026-09-08 11:19:06,890 |INFO | app | Checking ML model file | path=ml/saved_model/iris_pipeline.pkl
2026-09-08 11:19:06,896 |ERROR | app | Model.pkl is not loaded
NoneType: None
2026-09-08 11:19:06,899 |INFO | app | accuracy.pkl is loaded Successfully
2026-09-08 11:19:07,013 |INFO | app | Model is shotdown
2026-09-08 11:19:10,733 |INFO | app | Checking ML model file | path=ml/saved_model/iris_pipeline.pkl
2026-09-08 11:19:10,733 |ERROR | app | Model.pkl is not loaded
NoneType: None
2026-09-08 11:19:10,733 |INFO | app | accuracy.pkl is loaded Successfully
2026-09-08 11:19:10,845 |INFO | app | Model is shotdown
2026-09-08 11:19:13,379 |INFO | app | Checking ML model file | path=ml/saved_model/iris_pipeline.pkl
2026-09-08 11:19:13,379 |ERROR | app | Model.pkl is not loaded
NoneType: None
2026-09-08 11:19:13,379 |INFO | app | accuracy.pkl is loaded Successfully
2026-09-08 11:19:16,888 |INFO | app | Request Recived |request_id=95f713c5-ae3d-4939-84da-80173d0f5bcb |method=GET |path=/api/v1/health 
2026-09-08 11:19:16,909 |WARNING | app | PKL file is not active |method=GET|path=/api/v1/health|
2026-09-08 11:19:16,911 |INFO | app | Response Sent |request_id=95f713c5-ae3d-4939-84da-80173d0f5bcb |request_method=GET |path=/api/v1/health |response_time=0.02268510009162128 
2026-09-08 11:19:30,835 |INFO | app | Model is shotdown
2026-09-08 11:19:43,309 |INFO | app | Checking ML model file | path=ml/saved_model/iris_pipeline.pkl
2026-09-08 11:19:43,313 |ERROR | app | Model.pkl is not loaded
NoneType: None
2026-09-08 11:19:43,315 |INFO | app | accuracy.pkl is loaded Successfully
2026-09-08 11:19:51,651 |INFO | app | Request Recived |request_id=95ba2190-fbe4-4fe7-a538-c74c1d11ccef |method=GET |path=/api/v1/health 
2026-09-08 11:19:51,663 |INFO | app | Prediction service is available
2026-09-08 11:19:51,751 |INFO | app | Response Sent |request_id=95ba2190-fbe4-4fe7-a538-c74c1d11ccef |request_method=GET |path=/api/v1/health |response_time=0.09786460013128817 
2026-09-08 11:19:59,446 |INFO | app | Request Recived |request_id=b7ff5038-c66e-4489-9b21-5a0359de0a60 |method=POST |path=/api/v1/predict 
2026-09-08 11:19:59,493 |ERROR | app | Prediction attempted but model not loaded | request_id=b7ff5038-c66e-4489-9b21-5a0359de0a60
NoneType: None
2026-09-08 11:19:59,497 |INFO | app | Response Sent |request_id=b7ff5038-c66e-4489-9b21-5a0359de0a60 |request_method=POST |path=/api/v1/predict |response_time=0.04994449997320771 
2026-09-08 11:20:17,688 |INFO | app | Model is shotdown
2026-09-08 11:20:23,007 |INFO | app | Checking ML model file | path=ml/saved_model/iris_pipeline.pkl
2026-09-08 11:20:23,007 |ERROR | app | Model.pkl is not loaded
NoneType: None
2026-09-08 11:20:23,007 |ERROR | app | accuracy.pkl not loaded
NoneType: None
2026-09-08 11:20:23,116 |INFO | app | Model is shotdown
2026-09-08 11:20:26,610 |INFO | app | Checking ML model file | path=ml/saved_model/iris_pipeline.pkl
2026-09-08 11:20:26,610 |ERROR | app | Model.pkl is not loaded
NoneType: None
2026-09-08 11:20:26,610 |ERROR | app | accuracy.pkl not loaded
NoneType: None
2026-09-08 11:21:04,536 |INFO | app | Request Recived |request_id=9a248ef7-5cd2-42fe-88e7-5376bfa03912 |method=GET |path=/api/v1/health 
2026-09-08 11:21:04,550 |INFO | app | Prediction service is available
2026-09-08 11:21:04,554 |INFO | app | Response Sent |request_id=9a248ef7-5cd2-42fe-88e7-5376bfa03912 |request_method=GET |path=/api/v1/health |response_time=0.017000199994072318 
2026-09-08 11:21:37,409 |INFO | app | Model is shotdown
2026-09-08 11:27:27,368 |INFO | app | Checking ML model file | path=ml/saved_model/iris_pipeline.pkl
2026-09-08 11:27:27,449 |ERROR | app | Model.pkl is not loaded
NoneType: None
2026-09-08 11:27:27,449 |ERROR | app | accuracy.pkl not loaded
NoneType: None
2026-09-08 11:27:31,016 |INFO | app | Request Recived |request_id=f9f37742-a205-4708-a678-d3510f91a6f5 |method=GET |path=/api/v1/health 
2026-09-08 11:27:31,031 |INFO | app | Response Sent |request_id=f9f37742-a205-4708-a678-d3510f91a6f5 |request_method=GET |path=/api/v1/health |response_time=0.013455899897962809 
2026-09-08 11:27:49,227 |INFO | app | Model is shotdown
2026-09-08 11:29:44,520 |INFO | app | Checking ML model file | path=ml/saved_model/iris_pipeline.pkl
2026-09-08 11:29:44,522 |ERROR | app | Model.pkl is not loaded
NoneType: None
2026-09-08 11:29:44,522 |ERROR | app | accuracy.pkl not loaded
NoneType: None
2026-09-08 11:29:53,546 |INFO | app | Model is shotdown
2026-09-08 11:29:58,136 |INFO | app | Checking ML model file | path=ml/saved_model/iris_pipeline.pkl
2026-09-08 11:29:58,136 |ERROR | app | Model.pkl is not loaded
NoneType: None
2026-09-08 11:29:58,136 |ERROR | app | accuracy.pkl not loaded
NoneType: None
2026-09-08 11:29:58,246 |INFO | app | Model is shotdown
2026-09-08 11:33:01,838 |INFO | app | Checking ML model file | path=ml/saved_model/iris_pipeline.pkl
2026-09-08 11:33:01,843 |ERROR | app | Model.pkl is not loaded
NoneType: None
2026-09-08 11:33:01,843 |ERROR | app | accuracy.pkl not loaded
NoneType: None
2026-09-08 11:33:07,334 |INFO | app | Request Recived |request_id=562b2435-aea3-452b-8a9a-2f6420662b68 |method=GET |path=/api/v1/health 
2026-09-08 11:33:07,364 |ERROR | app | error during accessing the model varialbles orload model
NoneType: None
2026-09-08 11:33:07,383 |INFO | app | Response Sent |request_id=562b2435-aea3-452b-8a9a-2f6420662b68 |request_method=GET |path=/api/v1/health |response_time=0.04898309987038374 
2026-09-08 11:33:28,188 |INFO | app | Model is shotdown
2026-09-08 11:33:33,444 |INFO | app | Checking ML model file | path=ml/saved_model/iris_pipeline.pkl
2026-09-08 11:33:42,130 |INFO | app | Model.pkl is loaded Successfully
2026-09-08 11:33:42,130 |INFO | app | accuracy.pkl is loaded Successfully
2026-09-08 11:33:45,153 |INFO | app | Request Recived |request_id=3a596627-f9ed-4413-ad9a-0211ba1a3bed |method=GET |path=/api/v1/health 
2026-09-08 11:33:45,263 |INFO | app | Response Sent |request_id=3a596627-f9ed-4413-ad9a-0211ba1a3bed |request_method=GET |path=/api/v1/health |response_time=0.1106670000590384 
2026-09-08 11:37:15,689 |INFO | app | Model is shotdown
2026-09-08 11:37:23,128 |INFO | app | Checking ML model file | path=ml/saved_model/iris_pipeline.pkl
2026-09-08 11:37:27,616 |INFO | app | Model.pkl is loaded Successfully
2026-09-08 11:37:27,617 |INFO | app | accuracy.pkl is loaded Successfully
2026-09-08 11:37:42,297 |INFO | app | Model is shotdown
2026-09-08 11:37:46,361 |INFO | app | Checking ML model file | path=ml/saved_model/iris_pipeline.pkl
2026-09-08 11:37:50,947 |INFO | app | Model.pkl is loaded Successfully
2026-09-08 11:37:50,947 |INFO | app | accuracy.pkl is loaded Successfully
2026-09-08 11:37:51,052 |INFO | app | Model is shotdown
2026-09-08 11:37:56,333 |INFO | app | Checking ML model file | path=ml/saved_model/iris_pipeline.pkl
2026-09-08 11:38:00,039 |INFO | app | Model.pkl is loaded Successfully
2026-09-08 11:38:00,045 |INFO | app | accuracy.pkl is loaded Successfully
2026-09-08 11:38:31,132 |INFO | app | Model is shotdown
2026-09-08 11:38:36,679 |INFO | app | Checking ML model file | path=ml/saved_model/iris_pipeline.pkl
2026-09-08 11:38:40,497 |INFO | app | Model.pkl is loaded Successfully
2026-09-08 11:38:40,499 |INFO | app | accuracy.pkl is loaded Successfully
2026-09-08 11:38:40,602 |INFO | app | Model is shotdown
2026-09-08 11:38:45,717 |INFO | app | Checking ML model file | path=ml/saved_model/iris_pipeline.pkl
2026-09-08 11:38:49,555 |INFO | app | Model.pkl is loaded Successfully
2026-09-08 11:38:49,564 |INFO | app | accuracy.pkl is loaded Successfully
2026-09-08 11:39:39,119 |INFO | app | Model is shotdown
2026-09-08 11:39:45,180 |INFO | app | Checking ML model file | path=ml/saved_model/iris_pipeline.pkl
2026-09-08 11:39:50,470 |INFO | app | Model.pkl is loaded Successfully
2026-09-08 11:39:50,472 |INFO | app | accuracy.pkl is loaded Successfully
2026-09-08 11:40:08,338 |INFO | app | Model is shotdown
2026-09-08 11:40:13,088 |INFO | app | Checking ML model file | path=ml/saved_model/iris_pipeline.pkl
2026-09-08 11:40:18,481 |INFO | app | Model.pkl is loaded Successfully
2026-09-08 11:40:18,481 |INFO | app | accuracy.pkl is loaded Successfully
2026-09-08 11:40:57,809 |INFO | app | Model is shotdown
2026-09-08 11:41:03,123 |INFO | app | Checking ML model file | path=ml/saved_model/iris_pipeline.pkl
2026-09-08 11:41:07,254 |INFO | app | Model.pkl is loaded Successfully
2026-09-08 11:41:07,255 |INFO | app | accuracy.pkl is loaded Successfully
2026-09-08 11:41:07,358 |INFO | app | Model is shotdown
2026-09-08 11:41:11,331 |INFO | app | Checking ML model file | path=ml/saved_model/iris_pipeline.pkl
2026-09-08 11:41:17,064 |INFO | app | Model.pkl is loaded Successfully
2026-09-08 11:41:17,064 |INFO | app | accuracy.pkl is loaded Successfully
2026-09-08 11:41:22,535 |INFO | app | Model is shotdown
2026-09-08 11:41:27,231 |INFO | app | Checking ML model file | path=ml/saved_model/iris_pipeline.pkl
2026-09-08 11:41:30,765 |INFO | app | Model.pkl is loaded Successfully
2026-09-08 11:41:30,765 |INFO | app | accuracy.pkl is loaded Successfully
2026-09-08 11:41:57,410 |INFO | app | Model is shotdown
2026-09-08 11:42:03,162 |INFO | app | Checking ML model file | path=ml/saved_model/iris_pipeline.pkl
2026-09-08 11:42:07,878 |INFO | app | Model.pkl is loaded Successfully
2026-09-08 11:42:07,884 |INFO | app | accuracy.pkl is loaded Successfully
2026-09-08 11:42:07,990 |INFO | app | Model is shotdown
2026-09-08 11:42:13,764 |INFO | app | Checking ML model file | path=ml/saved_model/iris_pipeline.pkl
2026-09-08 11:42:21,771 |INFO | app | Model.pkl is loaded Successfully
2026-09-08 11:42:21,771 |INFO | app | accuracy.pkl is loaded Successfully
2026-09-08 11:42:21,874 |INFO | app | Model is shotdown
2026-09-08 11:42:26,492 |INFO | app | Checking ML model file | path=ml/saved_model/iris_pipeline.pkl
2026-09-08 11:42:32,386 |INFO | app | Model.pkl is loaded Successfully
2026-09-08 11:42:32,467 |INFO | app | accuracy.pkl is loaded Successfully
2026-09-08 11:43:26,270 |INFO | app | Model is shotdown
2026-09-08 11:43:31,221 |INFO | app | Checking ML model file | path=ml/saved_model/iris_pipeline.pkl
2026-09-08 11:43:36,051 |INFO | app | Model.pkl is loaded Successfully
2026-09-08 11:43:36,051 |INFO | app | accuracy.pkl is loaded Successfully
2026-09-08 11:45:13,568 |INFO | app | Model is shotdown
2026-09-08 11:45:17,731 |INFO | app | Checking ML model file | path=ml/saved_model/iris_pipeline.pkl
2026-09-08 11:45:21,116 |INFO | app | Model.pkl is loaded Successfully
2026-09-08 11:45:21,116 |INFO | app | accuracy.pkl is loaded Successfully
2026-09-08 11:45:43,618 |INFO | app | Request Recived |request_id=4d9c9629-ef33-4ebc-b2e5-ade1640e0611 |method=GET |path=/api/v1/model-info 
2026-09-08 11:46:05,230 |INFO | app | Model is shotdown
2026-09-08 11:46:09,470 |INFO | app | Checking ML model file | path=ml/saved_model/iris_pipeline.pkl
2026-09-08 11:46:16,610 |INFO | app | Model.pkl is loaded Successfully
2026-09-08 11:46:16,610 |INFO | app | accuracy.pkl is loaded Successfully
2026-09-08 11:46:16,727 |INFO | app | Model is shotdown
2026-09-08 11:46:43,306 |INFO | app | Checking ML model file | path=ml/saved_model/iris_pipeline.pkl
2026-09-08 11:46:51,785 |INFO | app | Model.pkl is loaded Successfully
2026-09-08 11:46:51,798 |INFO | app | accuracy.pkl is loaded Successfully
2026-09-08 11:46:51,934 |INFO | app | Model is shotdown
2026-09-08 11:47:00,485 |INFO | app | Checking ML model file | path=ml/saved_model/iris_pipeline.pkl
2026-09-08 11:47:04,724 |INFO | app | Model.pkl is loaded Successfully
2026-09-08 11:47:04,729 |INFO | app | accuracy.pkl is loaded Successfully
2026-09-08 11:47:04,845 |INFO | app | Model is shotdown
2026-09-08 11:47:16,213 |INFO | app | Checking ML model file | path=ml/saved_model/iris_pipeline.pkl
2026-09-08 11:47:19,863 |INFO | app | Model.pkl is loaded Successfully
2026-09-08 11:47:19,867 |INFO | app | accuracy.pkl is loaded Successfully
2026-09-08 11:47:19,983 |INFO | app | Model is shotdown
2026-09-08 11:47:26,198 |INFO | app | Checking ML model file | path=ml/saved_model/iris_pipeline.pkl
2026-09-08 11:47:36,651 |INFO | app | Model.pkl is loaded Successfully
2026-09-08 11:47:36,655 |INFO | app | accuracy.pkl is loaded Successfully
2026-09-08 11:47:36,767 |INFO | app | Model is shotdown
2026-09-08 11:47:46,353 |INFO | app | Checking ML model file | path=ml/saved_model/iris_pipeline.pkl
2026-09-08 11:47:53,492 |INFO | app | Model.pkl is loaded Successfully
2026-09-08 11:47:53,492 |INFO | app | accuracy.pkl is loaded Successfully
2026-09-08 11:47:53,607 |INFO | app | Model is shotdown
2026-09-08 11:47:59,593 |INFO | app | Checking ML model file | path=ml/saved_model/iris_pipeline.pkl
2026-09-08 11:48:05,711 |INFO | app | Model.pkl is loaded Successfully
2026-09-08 11:48:05,723 |INFO | app | accuracy.pkl is loaded Successfully
2026-09-08 11:48:05,911 |INFO | app | Model is shotdown
2026-09-08 11:48:16,313 |INFO | app | Checking ML model file | path=ml/saved_model/iris_pipeline.pkl
2026-09-08 11:48:21,854 |INFO | app | Model.pkl is loaded Successfully
2026-09-08 11:48:21,877 |INFO | app | accuracy.pkl is loaded Successfully
2026-09-08 11:48:22,091 |INFO | app | Model is shotdown
2026-09-08 11:48:27,167 |INFO | app | Checking ML model file | path=ml/saved_model/iris_pipeline.pkl
2026-09-08 11:48:32,089 |INFO | app | Model.pkl is loaded Successfully
2026-09-08 11:48:32,090 |INFO | app | accuracy.pkl is loaded Successfully
2026-09-08 11:48:32,193 |INFO | app | Model is shotdown
2026-09-08 11:48:36,853 |INFO | app | Checking ML model file | path=ml/saved_model/iris_pipeline.pkl
2026-09-08 11:48:40,655 |INFO | app | Model.pkl is loaded Successfully
2026-09-08 11:48:40,655 |INFO | app | accuracy.pkl is loaded Successfully
2026-09-08 11:48:46,626 |INFO | app | Request Recived |request_id=be08e597-1aaa-43ac-9e12-fde210ea4ae7 |method=GET |path=/api/v1/model-info 
2026-09-08 11:48:46,641 |INFO | app | Response Sent |request_id=be08e597-1aaa-43ac-9e12-fde210ea4ae7 |request_method=GET |path=/api/v1/model-info |response_time=0.013667599996551871 
2026-09-08 11:49:21,693 |INFO | app | Model is shotdown
2026-09-08 11:49:26,712 |INFO | app | Checking ML model file | path=ml/saved_model/iris_pipeline.pkl
2026-09-08 11:49:30,081 |INFO | app | Model.pkl is loaded Successfully
2026-09-08 11:49:30,086 |INFO | app | accuracy.pkl is loaded Successfully
2026-09-08 11:49:39,323 |INFO | app | Model is shotdown
2026-09-08 11:49:52,914 |INFO | app | Checking ML model file | path=ml/saved_model/iris_pipeline.pkl
2026-09-08 11:49:57,072 |INFO | app | Model.pkl is loaded Successfully
2026-09-08 11:49:57,072 |INFO | app | accuracy.pkl is loaded Successfully
2026-09-08 11:49:57,180 |INFO | app | Model is shotdown
2026-09-08 11:50:03,514 |INFO | app | Checking ML model file | path=ml/saved_model/iris_pipeline.pkl
2026-09-08 11:50:08,119 |INFO | app | Model.pkl is loaded Successfully
2026-09-08 11:50:08,119 |INFO | app | accuracy.pkl is loaded Successfully
2026-09-08 11:50:08,232 |INFO | app | Model is shotdown
2026-09-08 11:50:13,003 |INFO | app | Checking ML model file | path=ml/saved_model/iris_pipeline.pkl
2026-09-08 11:50:16,266 |INFO | app | Model.pkl is loaded Successfully
2026-09-08 11:50:16,270 |INFO | app | accuracy.pkl is loaded Successfully
2026-09-08 11:50:16,379 |INFO | app | Model is shotdown
2026-09-08 11:50:22,010 |INFO | app | Checking ML model file | path=ml/saved_model/iris_pipeline.pkl
2026-09-08 11:50:28,553 |INFO | app | Model.pkl is loaded Successfully
2026-09-08 11:50:28,556 |INFO | app | accuracy.pkl is loaded Successfully
2026-09-08 11:50:28,664 |INFO | app | Model is shotdown
2026-09-08 11:50:35,629 |INFO | app | Checking ML model file | path=ml/saved_model/iris_pipeline.pkl
2026-09-08 11:50:39,852 |INFO | app | Model.pkl is loaded Successfully
2026-09-08 11:50:39,852 |INFO | app | accuracy.pkl is loaded Successfully
2026-09-08 11:50:39,958 |INFO | app | Model is shotdown
2026-09-08 11:50:44,508 |INFO | app | Checking ML model file | path=ml/saved_model/iris_pipeline.pkl
2026-09-08 11:50:48,911 |INFO | app | Model.pkl is loaded Successfully
2026-09-08 11:50:48,911 |INFO | app | accuracy.pkl is loaded Successfully
2026-09-08 11:50:52,102 |INFO | app | Request Recived |request_id=7e4b6e80-dad2-46e8-ad2d-d3a3cd529114 |method=GET |path=/api/v1/model-info 
2026-09-08 11:50:52,120 |INFO | app | Response Sent |request_id=7e4b6e80-dad2-46e8-ad2d-d3a3cd529114 |request_method=GET |path=/api/v1/model-info |response_time=0.019525500014424324 
2026-09-08 11:51:25,042 |INFO | app | Model is shotdown
2026-09-08 11:51:31,567 |INFO | app | Checking ML model file | path=ml/saved_model/iris_pipeline.pkl
2026-09-08 11:51:35,137 |INFO | app | Model.pkl is loaded Successfully
2026-09-08 11:51:35,139 |INFO | app | accuracy.pkl is loaded Successfully
2026-09-08 11:51:35,259 |INFO | app | Model is shotdown
2026-09-08 11:51:38,263 |INFO | app | Checking ML model file | path=ml/saved_model/iris_pipeline.pkl
2026-09-08 11:51:41,292 |INFO | app | Model.pkl is loaded Successfully
2026-09-08 11:51:41,294 |INFO | app | accuracy.pkl is loaded Successfully
2026-09-08 11:51:43,766 |INFO | app | Request Recived |request_id=967e2087-64c1-4c3f-b622-9219f0e1d4a4 |method=GET |path=/api/v1/model-info 
2026-09-08 11:52:17,383 |INFO | app | Model is shotdown
2026-09-08 11:52:21,843 |INFO | app | Checking ML model file | path=ml/saved_model/iris_pipeline.pkl
2026-09-08 11:52:25,400 |INFO | app | Model.pkl is loaded Successfully
2026-09-08 11:52:25,400 |INFO | app | accuracy.pkl is loaded Successfully
2026-09-08 11:52:30,639 |INFO | app | Request Recived |request_id=6e8724cb-2be9-4914-adb2-7a2857ddbb46 |method=GET |path=/api/v1/model-info 
2026-09-08 11:52:49,775 |INFO | app | Model is shotdown
2026-09-08 11:52:54,943 |INFO | app | Checking ML model file | path=ml/saved_model/iris_pipeline.pkl
2026-09-08 11:52:58,066 |INFO | app | Model.pkl is loaded Successfully
2026-09-08 11:52:58,066 |INFO | app | accuracy.pkl is loaded Successfully
2026-09-08 11:53:00,283 |INFO | app | Request Recived |request_id=b3db7516-93f3-403a-8dd4-d3f6f4536980 |method=GET |path=/api/v1/model-info 
2026-09-08 11:53:00,335 |INFO | app | Response Sent |request_id=b3db7516-93f3-403a-8dd4-d3f6f4536980 |request_method=GET |path=/api/v1/model-info |response_time=0.051973599940538406 
2026-09-08 11:53:25,234 |INFO | app | Model is shotdown
2026-09-08 11:53:43,180 |INFO | app | Checking ML model file | path=ml/saved_model/iris_pipeline.pkl
2026-09-08 11:53:48,328 |INFO | app | Model.pkl is loaded Successfully
2026-09-08 11:53:48,328 |INFO | app | accuracy.pkl is loaded Successfully
2026-09-08 11:53:48,433 |INFO | app | Model is shotdown
2026-09-08 11:54:22,482 |INFO | app | Checking ML model file | path=ml/saved_model/iris_pipeline.pkl
2026-09-08 11:54:26,493 |INFO | app | Model.pkl is loaded Successfully
2026-09-08 11:54:26,493 |INFO | app | accuracy.pkl is loaded Successfully
2026-09-08 11:54:26,596 |INFO | app | Model is shotdown
2026-09-08 11:54:30,237 |INFO | app | Checking ML model file | path=ml/saved_model/iris_pipeline.pkl
2026-09-08 11:54:34,462 |INFO | app | Model.pkl is loaded Successfully
2026-09-08 11:54:34,464 |INFO | app | accuracy.pkl is loaded Successfully
2026-09-08 11:54:44,004 |INFO | app | Model is shotdown
2026-09-08 12:03:28,336 |INFO | app | Checking ML model file | path=ml/saved_model/iris_pipeline.pkl
2026-09-08 12:03:36,278 |INFO | app | Model.pkl is loaded Successfully
2026-09-08 12:03:36,294 |INFO | app | accuracy.pkl is loaded Successfully
2026-09-08 12:04:09,302 |INFO | app | Model is shotdown
2026-09-08 12:04:13,782 |INFO | app | Checking ML model file | path=ml/saved_model/iris_pipeline.pkl
2026-09-08 12:04:17,351 |INFO | app | Model.pkl is loaded Successfully
2026-09-08 12:04:17,351 |INFO | app | accuracy.pkl is loaded Successfully
2026-09-08 12:04:21,233 |INFO | app | Request Recived |request_id=878a1d12-9a42-4442-bf58-f0c447bd632d |method=GET |path=/api/v1/model-info 
2026-09-08 12:04:21,480 |ERROR | app | error at 
Traceback (most recent call last):
  File "D:\intewrn\ML-Model-Deployment-as-a-Monitored-REST-API\fenv\Lib\site-packages\starlette\datastructures.py", line 683, in __getattr__
    return self._state[key]
           ~~~~~~~~~~~^^^^^
KeyError: 'rquest_id'

During handling of the above exception, another exception occurred:

Traceback (most recent call last):
  File "D:\intewrn\ML-Model-Deployment-as-a-Monitored-REST-API\app\routes\v1.py", line 88, in model_info
    request_id=str(request.state.rquest_id)
                   ^^^^^^^^^^^^^^^^^^^^^^^
  File "D:\intewrn\ML-Model-Deployment-as-a-Monitored-REST-API\fenv\Lib\site-packages\starlette\datastructures.py", line 686, in __getattr__
    raise AttributeError(message.format(self.__class__.__name__, key))
AttributeError: 'State' object has no attribute 'rquest_id'
2026-09-08 12:05:09,686 |INFO | app | Request Recived |request_id=a625ca2d-3633-43b3-aea8-f0e466d6998e |method=GET |path=/api/v1/model-info 
2026-09-08 12:05:09,692 |ERROR | app | error at 
Traceback (most recent call last):
  File "D:\intewrn\ML-Model-Deployment-as-a-Monitored-REST-API\fenv\Lib\site-packages\starlette\datastructures.py", line 683, in __getattr__
    return self._state[key]
           ~~~~~~~~~~~^^^^^
KeyError: 'rquest_id'

During handling of the above exception, another exception occurred:

Traceback (most recent call last):
  File "D:\intewrn\ML-Model-Deployment-as-a-Monitored-REST-API\app\routes\v1.py", line 88, in model_info
    request_id=str(request.state.rquest_id)
                   ^^^^^^^^^^^^^^^^^^^^^^^
  File "D:\intewrn\ML-Model-Deployment-as-a-Monitored-REST-API\fenv\Lib\site-packages\starlette\datastructures.py", line 686, in __getattr__
    raise AttributeError(message.format(self.__class__.__name__, key))
AttributeError: 'State' object has no attribute 'rquest_id'
2026-09-08 12:05:39,234 |INFO | app | Model is shotdown
2026-09-08 12:05:43,064 |INFO | app | Checking ML model file | path=ml/saved_model/iris_pipeline.pkl
2026-09-08 12:05:45,994 |INFO | app | Model.pkl is loaded Successfully
2026-09-08 12:05:46,012 |INFO | app | accuracy.pkl is loaded Successfully
2026-09-08 12:05:58,380 |INFO | app | Model is shotdown
2026-09-08 12:06:04,972 |INFO | app | Checking ML model file | path=ml/saved_model/iris_pipeline.pkl
2026-09-08 12:06:10,758 |INFO | app | Model.pkl is loaded Successfully
2026-09-08 12:06:10,758 |INFO | app | accuracy.pkl is loaded Successfully
2026-09-08 12:06:10,881 |INFO | app | Model is shotdown
2026-09-08 12:06:59,847 |INFO | app | Checking ML model file | path=ml/saved_model/iris_pipeline.pkl
2026-09-08 12:07:05,509 |INFO | app | Model.pkl is loaded Successfully
2026-09-08 12:07:05,511 |INFO | app | accuracy.pkl is loaded Successfully
2026-09-08 12:07:08,490 |INFO | app | Request Recived |request_id=33471e55-35f3-4eb2-a07c-944ce646702e |method=GET |path=/api/v1/model-info 
2026-09-08 12:07:08,504 |ERROR | app | error at 
Traceback (most recent call last):
  File "D:\intewrn\ML-Model-Deployment-as-a-Monitored-REST-API\fenv\Lib\site-packages\starlette\datastructures.py", line 683, in __getattr__
    return self._state[key]
           ~~~~~~~~~~~^^^^^
KeyError: 'rquest_id'

During handling of the above exception, another exception occurred:

Traceback (most recent call last):
  File "D:\intewrn\ML-Model-Deployment-as-a-Monitored-REST-API\app\routes\v1.py", line 88, in model_info
    request_id=str(request.state.rquest_id)
                   ^^^^^^^^^^^^^^^^^^^^^^^
  File "D:\intewrn\ML-Model-Deployment-as-a-Monitored-REST-API\fenv\Lib\site-packages\starlette\datastructures.py", line 686, in __getattr__
    raise AttributeError(message.format(self.__class__.__name__, key))
AttributeError: 'State' object has no attribute 'rquest_id'
2026-09-08 12:07:51,449 |INFO | app | Model is shotdown
2026-09-08 12:08:01,615 |INFO | app | Checking ML model file | path=ml/saved_model/iris_pipeline.pkl
2026-09-08 12:08:06,703 |INFO | app | Model.pkl is loaded Successfully
2026-09-08 12:08:06,710 |INFO | app | accuracy.pkl is loaded Successfully
2026-09-08 12:08:07,455 |INFO | app | Model is shotdown
2026-09-08 12:08:13,023 |INFO | app | Checking ML model file | path=ml/saved_model/iris_pipeline.pkl
2026-09-08 12:08:16,460 |INFO | app | Model.pkl is loaded Successfully
2026-09-08 12:08:16,460 |INFO | app | accuracy.pkl is loaded Successfully
2026-09-08 12:09:36,552 |INFO | app | Model is shotdown
2026-09-08 12:09:41,538 |INFO | app | Checking ML model file | path=ml/saved_model/iris_pipeline.pkl
2026-09-08 12:09:47,291 |INFO | app | Model.pkl is loaded Successfully
2026-09-08 12:09:47,300 |INFO | app | accuracy.pkl is loaded Successfully
2026-09-08 12:10:32,270 |INFO | app | Model is shotdown
2026-09-08 12:10:38,283 |INFO | app | Checking ML model file | path=ml/saved_model/iris_pipeline.pkl
2026-09-08 12:10:41,789 |INFO | app | Model.pkl is loaded Successfully
2026-09-08 12:10:41,793 |INFO | app | accuracy.pkl is loaded Successfully
2026-09-08 12:10:41,902 |INFO | app | Model is shotdown
2026-09-08 12:10:46,581 |INFO | app | Checking ML model file | path=ml/saved_model/iris_pipeline.pkl
2026-09-08 12:10:52,682 |INFO | app | Model.pkl is loaded Successfully
2026-09-08 12:10:52,684 |INFO | app | accuracy.pkl is loaded Successfully
2026-09-08 12:10:52,716 |INFO | app | Request Recived |request_id=041fb7f3-7d36-4b3d-92fc-5c983aa85849 |method=GET |path=/api/v1/model-info 
2026-09-08 12:10:52,793 |INFO | app | Response Sent |request_id=041fb7f3-7d36-4b3d-92fc-5c983aa85849 |request_method=GET |path=/api/v1/model-info |response_time=0.07733800006099045 
2026-09-08 12:12:07,491 |INFO | app | Model is shotdown
2026-09-08 12:12:11,650 |INFO | app | Checking ML model file | path=ml/saved_model/iris_pipeline.pkl
2026-09-08 12:12:14,788 |INFO | app | Model.pkl is loaded Successfully
2026-09-08 12:12:14,788 |INFO | app | accuracy.pkl is loaded Successfully
2026-09-08 12:12:16,544 |INFO | app | Request Recived |request_id=50b5f6e2-aee9-488d-9e38-9d62a2d8e10b |method=GET |path=/api/v1/model-info 
2026-09-08 12:12:16,564 |ERROR | app | error at 
Traceback (most recent call last):
  File "D:\intewrn\ML-Model-Deployment-as-a-Monitored-REST-API\fenv\Lib\site-packages\starlette\datastructures.py", line 683, in __getattr__
    return self._state[key]
           ~~~~~~~~~~~^^^^^
KeyError: 'mdel'

During handling of the above exception, another exception occurred:

Traceback (most recent call last):
  File "D:\intewrn\ML-Model-Deployment-as-a-Monitored-REST-API\app\routes\v1.py", line 87, in model_info
    model=request.app.state.mdel
          ^^^^^^^^^^^^^^^^^^^^^^
  File "D:\intewrn\ML-Model-Deployment-as-a-Monitored-REST-API\fenv\Lib\site-packages\starlette\datastructures.py", line 686, in __getattr__
    raise AttributeError(message.format(self.__class__.__name__, key))
AttributeError: 'State' object has no attribute 'mdel'
2026-09-08 12:12:37,960 |INFO | app | Model is shotdown
2026-09-08 12:12:43,241 |INFO | app | Checking ML model file | path=ml/saved_model/iris_pipeline.pkl
2026-09-08 12:12:46,652 |INFO | app | Model.pkl is loaded Successfully
2026-09-08 12:12:46,652 |INFO | app | accuracy.pkl is loaded Successfully
2026-09-08 12:12:46,767 |INFO | app | Model is shotdown
2026-09-08 12:12:50,822 |INFO | app | Checking ML model file | path=ml/saved_model/iris_pipeline.pkl
2026-09-08 12:12:54,204 |INFO | app | Model.pkl is loaded Successfully
2026-09-08 12:12:54,206 |INFO | app | accuracy.pkl is loaded Successfully
2026-09-08 12:13:10,184 |INFO | app | Request Recived |request_id=d39ebcc8-c0c0-4657-8a22-81b3dbebb6b7 |method=GET |path=/api/v1/model-info 
2026-09-08 12:13:10,231 |ERROR | app | error at 
Traceback (most recent call last):
  File "D:\intewrn\ML-Model-Deployment-as-a-Monitored-REST-API\fenv\Lib\site-packages\starlette\datastructures.py", line 683, in __getattr__
    return self._state[key]
           ~~~~~~~~~~~^^^^^
KeyError: 'mdel'

During handling of the above exception, another exception occurred:

Traceback (most recent call last):
  File "D:\intewrn\ML-Model-Deployment-as-a-Monitored-REST-API\app\routes\v1.py", line 88, in model_info
    model=request.app.state.mdel
          ^^^^^^^^^^^^^^^^^^^^^^
  File "D:\intewrn\ML-Model-Deployment-as-a-Monitored-REST-API\fenv\Lib\site-packages\starlette\datastructures.py", line 686, in __getattr__
    raise AttributeError(message.format(self.__class__.__name__, key))
AttributeError: 'State' object has no attribute 'mdel'
2026-09-08 12:13:10,240 |INFO | app | Response Sent |request_id=d39ebcc8-c0c0-4657-8a22-81b3dbebb6b7 |request_method=GET |path=/api/v1/model-info |response_time=0.055624800035730004 
2026-09-08 12:13:29,882 |INFO | app | Model is shotdown
2026-09-08 12:13:35,187 |INFO | app | Checking ML model file | path=ml/saved_model/iris_pipeline.pkl
2026-09-08 12:13:40,801 |INFO | app | Model.pkl is loaded Successfully
2026-09-08 12:13:40,805 |INFO | app | accuracy.pkl is loaded Successfully
2026-09-08 12:13:40,915 |INFO | app | Model is shotdown
2026-09-08 12:13:46,617 |INFO | app | Checking ML model file | path=ml/saved_model/iris_pipeline.pkl
2026-09-08 12:13:52,000 |INFO | app | Model.pkl is loaded Successfully
2026-09-08 12:13:52,002 |INFO | app | accuracy.pkl is loaded Successfully
2026-09-08 12:14:06,335 |INFO | app | Request Recived |request_id=d5208ad9-5d38-47c7-91b5-2122466f0d2e |method=GET |path=/api/v1/model-info 
2026-09-08 12:14:06,368 |INFO | app | Response Sent |request_id=d5208ad9-5d38-47c7-91b5-2122466f0d2e |request_method=GET |path=/api/v1/model-info |response_time=0.03361640009097755 
2026-09-08 12:14:09,145 |INFO | app | Model is shotdown
2026-09-08 12:14:16,275 |INFO | app | Checking ML model file | path=ml/saved_model/iris_pipeline.pkl
2026-09-08 12:14:16,276 |ERROR | app | Model.pkl is not loaded
NoneType: None
2026-09-08 12:14:16,278 |INFO | app | accuracy.pkl is loaded Successfully
2026-09-08 12:14:19,303 |INFO | app | Request Recived |request_id=547d760d-6366-4a1a-b3c6-0bb1a1bc97e9 |method=GET |path=/api/v1/model-info 
2026-09-08 12:14:19,315 |ERROR | app | error at 
Traceback (most recent call last):
  File "D:\intewrn\ML-Model-Deployment-as-a-Monitored-REST-API\fenv\Lib\site-packages\starlette\datastructures.py", line 683, in __getattr__
    return self._state[key]
           ~~~~~~~~~~~^^^^^
KeyError: 'model_date'

During handling of the above exception, another exception occurred:

Traceback (most recent call last):
  File "D:\intewrn\ML-Model-Deployment-as-a-Monitored-REST-API\app\routes\v1.py", line 89, in model_info
    trained_date=str(request.app.state.model_date.date())
                     ^^^^^^^^^^^^^^^^^^^^^^^^^^^^
  File "D:\intewrn\ML-Model-Deployment-as-a-Monitored-REST-API\fenv\Lib\site-packages\starlette\datastructures.py", line 686, in __getattr__
    raise AttributeError(message.format(self.__class__.__name__, key))
AttributeError: 'State' object has no attribute 'model_date'
2026-09-08 12:14:19,321 |INFO | app | Response Sent |request_id=547d760d-6366-4a1a-b3c6-0bb1a1bc97e9 |request_method=GET |path=/api/v1/model-info |response_time=0.018067700089886785 
2026-09-08 12:16:16,010 |INFO | app | Model is shotdown
2026-09-08 12:16:27,467 |INFO | app | Checking ML model file | path=ml/saved_model/iris_pipeline.pkl
2026-09-08 12:16:32,721 |INFO | app | Model.pkl is loaded Successfully
2026-09-08 12:16:32,723 |INFO | app | accuracy.pkl is loaded Successfully
2026-09-08 12:16:32,834 |INFO | app | Model is shotdown
2026-09-08 12:16:37,299 |INFO | app | Checking ML model file | path=ml/saved_model/iris_pipeline.pkl
2026-09-08 12:16:41,200 |INFO | app | Model.pkl is loaded Successfully
2026-09-08 12:16:41,201 |INFO | app | accuracy.pkl is loaded Successfully
2026-09-08 12:16:49,141 |INFO | app | Request Recived |request_id=34f39349-457b-4567-b414-7e992a6ecfa3 |method=GET |path=/api/v1/model-info 
2026-09-08 12:16:49,167 |INFO | app | Response Sent |request_id=34f39349-457b-4567-b414-7e992a6ecfa3 |request_method=GET |path=/api/v1/model-info |response_time=0.025909099960699677 
2026-09-08 12:17:00,694 |INFO | app | Model is shotdown
2026-09-08 12:17:03,879 |INFO | app | Checking ML model file | path=ml/saved_model/iris_pipeline.pkl
2026-09-08 12:17:06,924 |INFO | app | Model.pkl is loaded Successfully
2026-09-08 12:17:06,925 |INFO | app | accuracy.pkl is loaded Successfully
2026-09-08 12:23:00,877 |INFO | app | Model is shotdown
2026-09-08 12:23:10,411 |INFO | app | Checking ML model file | path=ml/saved_model/iris_pipeline.pkl
2026-09-08 12:23:18,634 |INFO | app | Model.pkl is loaded Successfully
2026-09-08 12:23:18,654 |INFO | app | accuracy.pkl is loaded Successfully
2026-09-08 12:23:18,791 |INFO | app | Model is shotdown
2026-09-08 12:23:26,416 |INFO | app | Checking ML model file | path=ml/saved_model/iris_pipeline.pkl
2026-09-08 12:23:31,923 |INFO | app | Model.pkl is loaded Successfully
2026-09-08 12:23:31,924 |INFO | app | accuracy.pkl is loaded Successfully
2026-09-08 12:30:25,262 |INFO | app | Request Recived |request_id=d474e5a7-66f9-49e0-b071-f928a5045590 |method=GET |path=/api/v1/model-info 
2026-09-08 12:30:25,291 |ERROR | app | error at 
Traceback (most recent call last):
  File "D:\intewrn\ML-Model-Deployment-as-a-Monitored-REST-API\fenv\Lib\site-packages\starlette\datastructures.py", line 683, in __getattr__
    return self._state[key]
           ~~~~~~~~~~~^^^^^
KeyError: 'odel'

During handling of the above exception, another exception occurred:

Traceback (most recent call last):
  File "D:\intewrn\ML-Model-Deployment-as-a-Monitored-REST-API\app\routes\v1.py", line 88, in model_info
    model=request.app.state.odel
          ^^^^^^^^^^^^^^^^^^^^^^
  File "D:\intewrn\ML-Model-Deployment-as-a-Monitored-REST-API\fenv\Lib\site-packages\starlette\datastructures.py", line 686, in __getattr__
    raise AttributeError(message.format(self.__class__.__name__, key))
AttributeError: 'State' object has no attribute 'odel'
2026-09-08 12:30:25,296 |INFO | app | Response Sent |request_id=d474e5a7-66f9-49e0-b071-f928a5045590 |request_method=GET |path=/api/v1/model-info |response_time=0.03454830008558929 
2026-09-08 12:30:45,874 |INFO | app | Model is shotdown
2026-09-08 12:30:54,642 |INFO | app | Checking ML model file | path=ml/saved_model/iris_pipeline.pkl
2026-09-08 12:31:00,879 |INFO | app | Model.pkl is loaded Successfully
2026-09-08 12:31:00,880 |INFO | app | accuracy.pkl is loaded Successfully
2026-09-08 12:31:00,897 |INFO | app | Request Recived |request_id=1363a384-e6b8-4d48-8e7c-d30585b32d20 |method=GET |path=/api/v1/model-info 
2026-09-08 12:31:00,951 |INFO | app | Response Sent |request_id=1363a384-e6b8-4d48-8e7c-d30585b32d20 |request_method=GET |path=/api/v1/model-info |response_time=0.0536440999712795 
2026-09-08 12:31:53,064 |INFO | app | Model is shotdown
2026-09-08 12:31:59,870 |INFO | app | Checking ML model file | path=ml/saved_model/iris_pipeline.pkl
2026-09-08 12:31:59,871 |ERROR | app | Model.pkl is not loaded
NoneType: None
2026-09-08 12:31:59,872 |INFO | app | accuracy.pkl is loaded Successfully
2026-09-08 12:34:28,436 |INFO | app | Request Recived |request_id=48e775ea-05ff-4a7f-802a-3802c2f9c448 |method=GET |path=/api/v1/model-info 
2026-09-08 12:34:28,447 |ERROR | app | error at 
Traceback (most recent call last):
  File "D:\intewrn\ML-Model-Deployment-as-a-Monitored-REST-API\fenv\Lib\site-packages\starlette\datastructures.py", line 683, in __getattr__
    return self._state[key]
           ~~~~~~~~~~~^^^^^
KeyError: 'model_date'

During handling of the above exception, another exception occurred:

Traceback (most recent call last):
  File "D:\intewrn\ML-Model-Deployment-as-a-Monitored-REST-API\app\routes\v1.py", line 89, in model_info
    trained_date=str(request.app.state.model_date.date())
                     ^^^^^^^^^^^^^^^^^^^^^^^^^^^^
  File "D:\intewrn\ML-Model-Deployment-as-a-Monitored-REST-API\fenv\Lib\site-packages\starlette\datastructures.py", line 686, in __getattr__
    raise AttributeError(message.format(self.__class__.__name__, key))
AttributeError: 'State' object has no attribute 'model_date'
2026-09-08 12:34:28,456 |INFO | app | Response Sent |request_id=48e775ea-05ff-4a7f-802a-3802c2f9c448 |request_method=GET |path=/api/v1/model-info |response_time=0.019478300120681524 
2026-09-08 12:34:42,529 |INFO | app | Request Recived |request_id=dc4ca982-485e-4824-b179-6093fbce2d7d |method=GET |path=/api/v1/model-info 
2026-09-08 12:34:42,531 |ERROR | app | error at 
Traceback (most recent call last):
  File "D:\intewrn\ML-Model-Deployment-as-a-Monitored-REST-API\fenv\Lib\site-packages\starlette\datastructures.py", line 683, in __getattr__
    return self._state[key]
           ~~~~~~~~~~~^^^^^
KeyError: 'model_date'

During handling of the above exception, another exception occurred:

Traceback (most recent call last):
  File "D:\intewrn\ML-Model-Deployment-as-a-Monitored-REST-API\app\routes\v1.py", line 89, in model_info
    trained_date=str(request.app.state.model_date.date())
                     ^^^^^^^^^^^^^^^^^^^^^^^^^^^^
  File "D:\intewrn\ML-Model-Deployment-as-a-Monitored-REST-API\fenv\Lib\site-packages\starlette\datastructures.py", line 686, in __getattr__
    raise AttributeError(message.format(self.__class__.__name__, key))
AttributeError: 'State' object has no attribute 'model_date'
2026-09-08 12:34:42,533 |INFO | app | Response Sent |request_id=dc4ca982-485e-4824-b179-6093fbce2d7d |request_method=GET |path=/api/v1/model-info |response_time=0.00341400015167892 
2026-09-08 12:34:45,857 |INFO | app | Model is shotdown
2026-09-08 12:34:54,000 |INFO | app | Checking ML model file | path=ml/saved_model/iris_pipeline.pkl
2026-09-08 12:34:58,096 |INFO | app | Model.pkl is loaded Successfully
2026-09-08 12:34:58,097 |INFO | app | accuracy.pkl is loaded Successfully
2026-09-08 12:34:59,758 |INFO | app | Request Recived |request_id=627b258b-9eba-4ec1-9650-97bfa7fe411b |method=GET |path=/api/v1/model-info 
2026-09-08 12:34:59,774 |INFO | app | Response Sent |request_id=627b258b-9eba-4ec1-9650-97bfa7fe411b |request_method=GET |path=/api/v1/model-info |response_time=0.01678800000809133 
2026-09-08 12:35:22,437 |INFO | app | Model is shotdown
2026-09-08 12:35:29,558 |INFO | app | Checking ML model file | path=ml/saved_model/iris_pipeline.pkl
2026-09-08 12:35:34,668 |INFO | app | Model.pkl is loaded Successfully
2026-09-08 12:35:34,669 |INFO | app | accuracy.pkl is loaded Successfully
2026-09-08 12:35:34,792 |INFO | app | Model is shotdown
2026-09-08 12:35:42,008 |INFO | app | Checking ML model file | path=ml/saved_model/iris_pipeline.pkl
2026-09-08 12:35:46,497 |INFO | app | Model.pkl is loaded Successfully
2026-09-08 12:35:46,502 |INFO | app | accuracy.pkl is loaded Successfully
2026-09-08 12:35:52,104 |INFO | app | Checking ML model file | path=ml/saved_model/iris_pipeline.pkl
2026-09-08 12:35:58,506 |INFO | app | Model.pkl is loaded Successfully
2026-09-08 12:35:58,510 |INFO | app | accuracy.pkl is loaded Successfully
2026-09-08 12:38:39,705 |INFO | app | Request Recived |request_id=1007af70-0399-4c09-9f5b-5d1e722d0127 |method=GET |path=/api/v1/batch-prediction 
2026-09-08 12:38:39,711 |INFO | app | Response Sent |request_id=1007af70-0399-4c09-9f5b-5d1e722d0127 |request_method=GET |path=/api/v1/batch-prediction |response_time=0.005911099957302213 
2026-09-08 12:38:45,175 |INFO | app | Request Recived |request_id=396a02e2-ce71-45d4-8094-b755fb2f0d5b |method=POST |path=/api/v1/batch-prediction 
2026-09-08 12:38:45,506 |INFO | app | Response Sent |request_id=396a02e2-ce71-45d4-8094-b755fb2f0d5b |request_method=POST |path=/api/v1/batch-prediction |response_time=0.32988540013320744 
2026-09-08 12:39:14,382 |INFO | app | Request Recived |request_id=e117fd2b-3082-4257-b581-07bd2c721b2d |method=POST |path=/api/v1/batch-prediction 
2026-09-08 12:39:14,396 |INFO | app | Response Sent |request_id=e117fd2b-3082-4257-b581-07bd2c721b2d |request_method=POST |path=/api/v1/batch-prediction |response_time=0.01470309984870255 
2026-09-08 12:39:17,451 |INFO | app | Request Recived |request_id=abeac315-9380-4fa9-abb1-2671afe807ac |method=POST |path=/api/v1/batch-prediction 
2026-09-08 12:39:17,474 |INFO | app | Response Sent |request_id=abeac315-9380-4fa9-abb1-2671afe807ac |request_method=POST |path=/api/v1/batch-prediction |response_time=0.023639600025489926 
2026-09-08 12:39:29,994 |INFO | app | Model is shotdown
2026-09-08 12:39:35,230 |INFO | app | Checking ML model file | path=ml/saved_model/iris_pipeline.pkl
2026-09-08 12:39:38,590 |INFO | app | Model.pkl is loaded Successfully
2026-09-08 12:39:38,591 |INFO | app | accuracy.pkl is loaded Successfully
2026-09-08 12:39:40,904 |INFO | app | Request Recived |request_id=5dd69a06-712d-4820-b11c-4b9a590a52ee |method=POST |path=/api/v1/batch-prediction 
2026-09-08 12:39:40,924 |INFO | app | Response Sent |request_id=5dd69a06-712d-4820-b11c-4b9a590a52ee |request_method=POST |path=/api/v1/batch-prediction |response_time=0.019991900073364377 
2026-09-08 12:39:49,942 |INFO | app | Model is shotdown
2026-09-08 12:39:53,717 |INFO | app | Checking ML model file | path=ml/saved_model/iris_pipeline.pkl
2026-09-08 12:39:56,673 |INFO | app | Model.pkl is loaded Successfully
2026-09-08 12:39:56,706 |INFO | app | accuracy.pkl is loaded Successfully
2026-09-08 12:40:32,373 |INFO | app | Model is shotdown
2026-09-08 12:41:02,948 |INFO | app | Checking ML model file | path=ml/saved_model/iris_pipeline.pkl
2026-09-08 12:41:08,814 |INFO | app | Model.pkl is loaded Successfully
2026-09-08 12:41:08,815 |INFO | app | accuracy.pkl is loaded Successfully
2026-09-08 12:41:08,921 |INFO | app | Model is shotdown
2026-09-08 12:41:13,305 |INFO | app | Checking ML model file | path=ml/saved_model/iris_pipeline.pkl
2026-09-08 12:41:16,593 |INFO | app | Model.pkl is loaded Successfully
2026-09-08 12:41:16,594 |INFO | app | accuracy.pkl is loaded Successfully
2026-09-08 12:41:19,341 |INFO | app | Model is shotdown
2026-09-08 12:41:25,027 |INFO | app | Checking ML model file | path=ml/saved_model/iris_pipeline.pkl
2026-09-08 12:41:31,010 |INFO | app | Model.pkl is loaded Successfully
2026-09-08 12:41:31,011 |INFO | app | accuracy.pkl is loaded Successfully
2026-09-08 12:41:31,123 |INFO | app | Model is shotdown
2026-09-08 12:44:48,800 |INFO | app | Checking ML model file | path=ml/saved_model/iris_pipeline.pkl
2026-09-08 12:44:55,553 |INFO | app | Model.pkl is loaded Successfully
2026-09-08 12:44:55,555 |INFO | app | accuracy.pkl is loaded Successfully
2026-09-08 12:45:04,752 |INFO | app | Model is shotdown
2026-09-08 12:45:08,381 |INFO | app | Checking ML model file | path=ml/saved_model/iris_pipeline.pkl
2026-09-08 12:45:11,070 |INFO | app | Model.pkl is loaded Successfully
2026-09-08 12:45:11,071 |INFO | app | accuracy.pkl is loaded Successfully
2026-09-08 13:01:10,940 |INFO | app | Model is shotdown
